ObjectId	CatalogType	OfficialSource	TargetFile	Status
AlarakACSummonDeathfleet	CAbilEffectInstant	mods/starcoop/starcoop.sc2mod/base.sc2data/gamedata/abildata.xml	D:\MyWork\新建文件夹\mom.report.client\src\MyMod\crys_the_swarm_reborn.SC2Mod\原始mod\Mods\XM\XMFinal.SC2Mod\Base.SC2Data\GameData\AbilData.xml	added_or_newer_duplicate
AlarakACSummonDeathfleetTarget	CAbilEffectTarget	mods/starcoop/starcoop.sc2mod/base.sc2data/gamedata/abildata.xml	D:\MyWork\新建文件夹\mom.report.client\src\MyMod\crys_the_swarm_reborn.SC2Mod\原始mod\Mods\XM\XMFinal.SC2Mod\Base.SC2Data\GameData\AbilData.xml	added_or_newer_duplicate
AlarakStructureOvercharge	CAbilEffectTarget	mods/starcoop/starcoop.sc2mod/base.sc2data/gamedata/abildata.xml	D:\MyWork\新建文件夹\mom.report.client\src\MyMod\crys_the_swarm_reborn.SC2Mod\原始mod\Mods\XM\XMFinal.SC2Mod\Base.SC2Data\GameData\AbilData.xml	added_or_newer_duplicate
Apocalypse	CAbilEffectTarget	mods/starcoop/starcoop.sc2mod/base.sc2data/gamedata/abildata.xml	D:\MyWork\新建文件夹\mom.report.client\src\MyMod\crys_the_swarm_reborn.SC2Mod\原始mod\Mods\XM\XMFinal.SC2Mod\Base.SC2Data\GameData\AbilData.xml	added_or_newer_duplicate
BansheeAirstrike	CAbilEffectTarget	mods/starcoop/starcoop.sc2mod/base.sc2data/gamedata/abildata.xml	D:\MyWork\新建文件夹\mom.report.client\src\MyMod\crys_the_swarm_reborn.SC2Mod\原始mod\Mods\XM\XMFinal.SC2Mod\Base.SC2Data\GameData\AbilData.xml	added_or_newer_duplicate
Charge	CAbilAugment	mods/starcoop/starcoop.sc2mod/base.sc2data/gamedata/abildata.xml	D:\MyWork\新建文件夹\mom.report.client\src\MyMod\crys_the_swarm_reborn.SC2Mod\原始mod\Mods\XM\XMFinal.SC2Mod\Base.SC2Data\GameData\AbilData.xml	skipped_existing
CommanderPrestigeArtanisOrbitalStrikeShieldOverchargeTargeted	CAbilEffectTarget	mods/starcoop/starcoop.sc2mod/base.sc2data/gamedata/abildata.xml	D:\MyWork\新建文件夹\mom.report.client\src\MyMod\crys_the_swarm_reborn.SC2Mod\原始mod\Mods\XM\XMFinal.SC2Mod\Base.SC2Data\GameData\AbilData.xml	added_or_newer_duplicate
CommanderPrestigeVorazunTimeStop	CAbilEffectTarget	mods/starcoop/starcoop.sc2mod/base.sc2data/gamedata/abildata.xml	D:\MyWork\新建文件夹\mom.report.client\src\MyMod\crys_the_swarm_reborn.SC2Mod\原始mod\Mods\XM\XMFinal.SC2Mod\Base.SC2Data\GameData\AbilData.xml	added_or_newer_duplicate
KerriganMaelstrom	CAbilEffectInstant	mods/starcoop/starcoop.sc2mod/base.sc2data/gamedata/abildata.xml	D:\MyWork\新建文件夹\mom.report.client\src\MyMod\crys_the_swarm_reborn.SC2Mod\原始mod\Mods\XM\XMFinal.SC2Mod\Base.SC2Data\GameData\AbilData.xml	added_or_newer_duplicate
KerriganVoidCoopCrushingGripWave	CAbilEffectInstant	mods/starcoop/starcoop.sc2mod/base.sc2data/gamedata/abildata.xml	D:\MyWork\新建文件夹\mom.report.client\src\MyMod\crys_the_swarm_reborn.SC2Mod\原始mod\Mods\XM\XMFinal.SC2Mod\Base.SC2Data\GameData\AbilData.xml	added_or_newer_duplicate
KerriganVoidCoopEconDrop	CAbilEffectInstant	mods/starcoop/starcoop.sc2mod/base.sc2data/gamedata/abildata.xml	D:\MyWork\新建文件夹\mom.report.client\src\MyMod\crys_the_swarm_reborn.SC2Mod\原始mod\Mods\XM\XMFinal.SC2Mod\Base.SC2Data\GameData\AbilData.xml	skipped_existing
MindBolt	CAbilEffectTarget	mods/starcoop/starcoop.sc2mod/base.sc2data/gamedata/abildata.xml	D:\MyWork\新建文件夹\mom.report.client\src\MyMod\crys_the_swarm_reborn.SC2Mod\原始mod\Mods\XM\XMFinal.SC2Mod\Base.SC2Data\GameData\AbilData.xml	skipped_existing
PrimalHeal	CAbilEffectInstant	mods/starcoop/starcoop.sc2mod/base.sc2data/gamedata/abildata.xml	D:\MyWork\新建文件夹\mom.report.client\src\MyMod\crys_the_swarm_reborn.SC2Mod\原始mod\Mods\XM\XMFinal.SC2Mod\Base.SC2Data\GameData\AbilData.xml	skipped_existing
PrimalSlash	CAbilEffectTarget	mods/starcoop/starcoop.sc2mod/base.sc2data/gamedata/abildata.xml	D:\MyWork\新建文件夹\mom.report.client\src\MyMod\crys_the_swarm_reborn.SC2Mod\原始mod\Mods\XM\XMFinal.SC2Mod\Base.SC2Data\GameData\AbilData.xml	skipped_existing
PsionicLift	CAbilEffectTarget	mods/starcoop/starcoop.sc2mod/base.sc2data/gamedata/abildata.xml	D:\MyWork\新建文件夹\mom.report.client\src\MyMod\crys_the_swarm_reborn.SC2Mod\原始mod\Mods\XM\XMFinal.SC2Mod\Base.SC2Data\GameData\AbilData.xml	skipped_existing
PsiStrikeWalk	CAbilEffectTarget	mods/starcoop/starcoop.sc2mod/base.sc2data/gamedata/abildata.xml	D:\MyWork\新建文件夹\mom.report.client\src\MyMod\crys_the_swarm_reborn.SC2Mod\原始mod\Mods\XM\XMFinal.SC2Mod\Base.SC2Data\GameData\AbilData.xml	skipped_existing
SOADarkPylon	CAbilBuild	mods/starcoop/starcoop.sc2mod/base.sc2data/gamedata/abildata.xml	D:\MyWork\新建文件夹\mom.report.client\src\MyMod\crys_the_swarm_reborn.SC2Mod\原始mod\Mods\XM\XMFinal.SC2Mod\Base.SC2Data\GameData\AbilData.xml	added_or_newer_duplicate
SOAMapWideChrono	CAbilEffectInstant	mods/starcoop/starcoop.sc2mod/base.sc2data/gamedata/abildata.xml	D:\MyWork\新建文件夹\mom.report.client\src\MyMod\crys_the_swarm_reborn.SC2Mod\原始mod\Mods\XM\XMFinal.SC2Mod\Base.SC2Data\GameData\AbilData.xml	added_or_newer_duplicate
SOAOrbitalStrikeKarax	CAbilEffectTarget	mods/starcoop/starcoop.sc2mod/base.sc2data/gamedata/abildata.xml	D:\MyWork\新建文件夹\mom.report.client\src\MyMod\crys_the_swarm_reborn.SC2Mod\原始mod\Mods\XM\XMFinal.SC2Mod\Base.SC2Data\GameData\AbilData.xml	added_or_newer_duplicate
SOAPurifierBeam	CAbilEffectTarget	mods/starcoop/starcoop.sc2mod/base.sc2data/gamedata/abildata.xml	D:\MyWork\新建文件夹\mom.report.client\src\MyMod\crys_the_swarm_reborn.SC2Mod\原始mod\Mods\XM\XMFinal.SC2Mod\Base.SC2Data\GameData\AbilData.xml	added_or_newer_duplicate
SOAPylonPower	CAbilEffectTarget	mods/starcoop/starcoop.sc2mod/base.sc2data/gamedata/abildata.xml	D:\MyWork\新建文件夹\mom.report.client\src\MyMod\crys_the_swarm_reborn.SC2Mod\原始mod\Mods\XM\XMFinal.SC2Mod\Base.SC2Data\GameData\AbilData.xml	added_or_newer_duplicate
SOARepairBeam	CAbilEffectTarget	mods/starcoop/starcoop.sc2mod/base.sc2data/gamedata/abildata.xml	D:\MyWork\新建文件夹\mom.report.client\src\MyMod\crys_the_swarm_reborn.SC2Mod\原始mod\Mods\XM\XMFinal.SC2Mod\Base.SC2Data\GameData\AbilData.xml	added_or_newer_duplicate
SOAShadowGuardCalldown	CAbilEffectTarget	mods/starcoop/starcoop.sc2mod/base.sc2data/gamedata/abildata.xml	D:\MyWork\新建文件夹\mom.report.client\src\MyMod\crys_the_swarm_reborn.SC2Mod\原始mod\Mods\XM\XMFinal.SC2Mod\Base.SC2Data\GameData\AbilData.xml	added_or_newer_duplicate
SOAStrafeAttackActivate	CAbilBehavior	mods/starcoop/starcoop.sc2mod/base.sc2data/gamedata/abildata.xml	D:\MyWork\新建文件夹\mom.report.client\src\MyMod\crys_the_swarm_reborn.SC2Mod\原始mod\Mods\XM\XMFinal.SC2Mod\Base.SC2Data\GameData\AbilData.xml	added_or_newer_duplicate
SOASummonFenix	CAbilEffectTarget	mods/starcoop/starcoop.sc2mod/base.sc2data/gamedata/abildata.xml	D:\MyWork\新建文件夹\mom.report.client\src\MyMod\crys_the_swarm_reborn.SC2Mod\原始mod\Mods\XM\XMFinal.SC2Mod\Base.SC2Data\GameData\AbilData.xml	added_or_newer_duplicate
SOASummonFenixArbiter	CAbilEffectTarget	mods/starcoop/starcoop.sc2mod/base.sc2data/gamedata/abildata.xml	D:\MyWork\新建文件夹\mom.report.client\src\MyMod\crys_the_swarm_reborn.SC2Mod\原始mod\Mods\XM\XMFinal.SC2Mod\Base.SC2Data\GameData\AbilData.xml	added_or_newer_duplicate
SOASummonFenixDragoon	CAbilEffectTarget	mods/starcoop/starcoop.sc2mod/base.sc2data/gamedata/abildata.xml	D:\MyWork\新建文件夹\mom.report.client\src\MyMod\crys_the_swarm_reborn.SC2Mod\原始mod\Mods\XM\XMFinal.SC2Mod\Base.SC2Data\GameData\AbilData.xml	added_or_newer_duplicate
SOASuperChrono	CAbilEffectTarget	mods/starcoop/starcoop.sc2mod/base.sc2data/gamedata/abildata.xml	D:\MyWork\新建文件夹\mom.report.client\src\MyMod\crys_the_swarm_reborn.SC2Mod\原始mod\Mods\XM\XMFinal.SC2Mod\Base.SC2Data\GameData\AbilData.xml	added_or_newer_duplicate
SOASuperChronoMapwide	CAbilEffectInstant	mods/starcoop/starcoop.sc2mod/base.sc2data/gamedata/abildata.xml	D:\MyWork\新建文件夹\mom.report.client\src\MyMod\crys_the_swarm_reborn.SC2Mod\原始mod\Mods\XM\XMFinal.SC2Mod\Base.SC2Data\GameData\AbilData.xml	added_or_newer_duplicate
SOAThermalLanceActivate	CAbilBehavior	mods/starcoop/starcoop.sc2mod/base.sc2data/gamedata/abildata.xml	D:\MyWork\新建文件夹\mom.report.client\src\MyMod\crys_the_swarm_reborn.SC2Mod\原始mod\Mods\XM\XMFinal.SC2Mod\Base.SC2Data\GameData\AbilData.xml	added_or_newer_duplicate
SOAThermalLanceExecute	CAbilEffectTarget	mods/starcoop/starcoop.sc2mod/base.sc2data/gamedata/abildata.xml	D:\MyWork\新建文件夹\mom.report.client\src\MyMod\crys_the_swarm_reborn.SC2Mod\原始mod\Mods\XM\XMFinal.SC2Mod\Base.SC2Data\GameData\AbilData.xml	added_or_newer_duplicate
VoidCoopSummonHyperion	CAbilEffectTarget	mods/starcoop/starcoop.sc2mod/base.sc2data/gamedata/abildata.xml	D:\MyWork\新建文件夹\mom.report.client\src\MyMod\crys_the_swarm_reborn.SC2Mod\原始mod\Mods\XM\XMFinal.SC2Mod\Base.SC2Data\GameData\AbilData.xml	added_or_newer_duplicate
VoidSentryBlackHole	CAbilEffectTarget	mods/starcoop/starcoop.sc2mod/base.sc2data/gamedata/abildata.xml	D:\MyWork\新建文件夹\mom.report.client\src\MyMod\crys_the_swarm_reborn.SC2Mod\原始mod\Mods\XM\XMFinal.SC2Mod\Base.SC2Data\GameData\AbilData.xml	added_or_newer_duplicate
WildMutation	CAbilEffectTarget	mods/starcoop/starcoop.sc2mod/base.sc2data/gamedata/abildata.xml	D:\MyWork\新建文件夹\mom.report.client\src\MyMod\crys_the_swarm_reborn.SC2Mod\原始mod\Mods\XM\XMFinal.SC2Mod\Base.SC2Data\GameData\AbilData.xml	skipped_existing
AlarakStructureOvercharge	CActorModel	mods/starcoop/starcoop.sc2mod/base.sc2data/gamedata/actordata.xml	D:\MyWork\新建文件夹\mom.report.client\src\MyMod\crys_the_swarm_reborn.SC2Mod\原始mod\Mods\XM\XMFinal.SC2Mod\Base.SC2Data\GameData\ActorData.xml	added_or_newer_duplicate
Banshee_BlackOps	CActorUnit	mods/starcoop/starcoop.sc2mod/base.sc2data/gamedata/actordata.xml	D:\MyWork\新建文件夹\mom.report.client\src\MyMod\crys_the_swarm_reborn.SC2Mod\原始mod\Mods\XM\XMFinal.SC2Mod\Base.SC2Data\GameData\ActorData.xml	added_or_newer_duplicate
BansheeAirstrikePlaceholder	CActorMissile	mods/starcoop/starcoop.sc2mod/base.sc2data/gamedata/actordata.xml	D:\MyWork\新建文件夹\mom.report.client\src\MyMod\crys_the_swarm_reborn.SC2Mod\原始mod\Mods\XM\XMFinal.SC2Mod\Base.SC2Data\GameData\ActorData.xml	added_or_newer_duplicate
CoopCasterAlarak	CActorUnit	mods/starcoop/starcoop.sc2mod/base.sc2data/gamedata/actordata.xml	D:\MyWork\新建文件夹\mom.report.client\src\MyMod\crys_the_swarm_reborn.SC2Mod\原始mod\Mods\XM\XMFinal.SC2Mod\Base.SC2Data\GameData\ActorData.xml	added_or_newer_duplicate
CoopCasterRaynor	CActorUnit	mods/starcoop/starcoop.sc2mod/base.sc2data/gamedata/actordata.xml	D:\MyWork\新建文件夹\mom.report.client\src\MyMod\crys_the_swarm_reborn.SC2Mod\原始mod\Mods\XM\XMFinal.SC2Mod\Base.SC2Data\GameData\ActorData.xml	added_or_newer_duplicate
DarkPylon	CActorUnit	mods/starcoop/starcoop.sc2mod/base.sc2data/gamedata/actordata.xml	D:\MyWork\新建文件夹\mom.report.client\src\MyMod\crys_the_swarm_reborn.SC2Mod\原始mod\Mods\XM\XMFinal.SC2Mod\Base.SC2Data\GameData\ActorData.xml	skipped_existing
K5Kerrigan	CActorMissile	mods/starcoop/starcoop.sc2mod/base.sc2data/gamedata/actordata.xml	D:\MyWork\新建文件夹\mom.report.client\src\MyMod\crys_the_swarm_reborn.SC2Mod\原始mod\Mods\XM\XMFinal.SC2Mod\Base.SC2Data\GameData\ActorData.xml	skipped_existing
KerriganCoop_BurrowSound	CActorSound	mods/starcoop/starcoop.sc2mod/base.sc2data/gamedata/actordata.xml	D:\MyWork\新建文件夹\mom.report.client\src\MyMod\crys_the_swarm_reborn.SC2Mod\原始mod\Mods\XM\XMFinal.SC2Mod\Base.SC2Data\GameData\ActorData.xml	added_or_newer_duplicate
KerriganCoop_UnburrowSound	CActorSound	mods/starcoop/starcoop.sc2mod/base.sc2data/gamedata/actordata.xml	D:\MyWork\新建文件夹\mom.report.client\src\MyMod\crys_the_swarm_reborn.SC2Mod\原始mod\Mods\XM\XMFinal.SC2Mod\Base.SC2Data\GameData\ActorData.xml	added_or_newer_duplicate
PlacementModel	CActorModel	mods/starcoop/starcoop.sc2mod/base.sc2data/gamedata/actordata.xml	D:\MyWork\新建文件夹\mom.report.client\src\MyMod\crys_the_swarm_reborn.SC2Mod\原始mod\Mods\XM\XMFinal.SC2Mod\Base.SC2Data\GameData\ActorData.xml	skipped_existing
QueueAnim	CActorEventMacro	mods/starcoop/starcoop.sc2mod/base.sc2data/gamedata/actordata.xml	D:\MyWork\新建文件夹\mom.report.client\src\MyMod\crys_the_swarm_reborn.SC2Mod\原始mod\Mods\XM\XMFinal.SC2Mod\Base.SC2Data\GameData\ActorData.xml	added_or_newer_duplicate
SoACasterArtanis	CActorUnit	mods/starcoop/starcoop.sc2mod/base.sc2data/gamedata/actordata.xml	D:\MyWork\新建文件夹\mom.report.client\src\MyMod\crys_the_swarm_reborn.SC2Mod\原始mod\Mods\XM\XMFinal.SC2Mod\Base.SC2Data\GameData\ActorData.xml	added_or_newer_duplicate
SoACasterFenix	CActorUnit	mods/starcoop/starcoop.sc2mod/base.sc2data/gamedata/actordata.xml	D:\MyWork\新建文件夹\mom.report.client\src\MyMod\crys_the_swarm_reborn.SC2Mod\原始mod\Mods\XM\XMFinal.SC2Mod\Base.SC2Data\GameData\ActorData.xml	added_or_newer_duplicate
SoACasterKarax	CActorUnit	mods/starcoop/starcoop.sc2mod/base.sc2data/gamedata/actordata.xml	D:\MyWork\新建文件夹\mom.report.client\src\MyMod\crys_the_swarm_reborn.SC2Mod\原始mod\Mods\XM\XMFinal.SC2Mod\Base.SC2Data\GameData\ActorData.xml	added_or_newer_duplicate
SoACasterVorazun	CActorUnit	mods/starcoop/starcoop.sc2mod/base.sc2data/gamedata/actordata.xml	D:\MyWork\新建文件夹\mom.report.client\src\MyMod\crys_the_swarm_reborn.SC2Mod\原始mod\Mods\XM\XMFinal.SC2Mod\Base.SC2Data\GameData\ActorData.xml	added_or_newer_duplicate
SOAMapWideChrono	CActorModel	mods/starcoop/starcoop.sc2mod/base.sc2data/gamedata/actordata.xml	D:\MyWork\新建文件夹\mom.report.client\src\MyMod\crys_the_swarm_reborn.SC2Mod\原始mod\Mods\XM\XMFinal.SC2Mod\Base.SC2Data\GameData\ActorData.xml	added_or_newer_duplicate
SOAMothershipv4	CActorUnit	mods/starcoop/starcoop.sc2mod/base.sc2data/gamedata/actordata.xml	D:\MyWork\新建文件夹\mom.report.client\src\MyMod\crys_the_swarm_reborn.SC2Mod\原始mod\Mods\XM\XMFinal.SC2Mod\Base.SC2Data\GameData\ActorData.xml	added_or_newer_duplicate
SOAPurifierBeam	CActorModel	mods/starcoop/starcoop.sc2mod/base.sc2data/gamedata/actordata.xml	D:\MyWork\新建文件夹\mom.report.client\src\MyMod\crys_the_swarm_reborn.SC2Mod\原始mod\Mods\XM\XMFinal.SC2Mod\Base.SC2Data\GameData\ActorData.xml	added_or_newer_duplicate
SOARepairBeam	CActorModel	mods/starcoop/starcoop.sc2mod/base.sc2data/gamedata/actordata.xml	D:\MyWork\新建文件夹\mom.report.client\src\MyMod\crys_the_swarm_reborn.SC2Mod\原始mod\Mods\XM\XMFinal.SC2Mod\Base.SC2Data\GameData\ActorData.xml	added_or_newer_duplicate
VoidSentryBlackHole	CActorModel	mods/starcoop/starcoop.sc2mod/base.sc2data/gamedata/actordata.xml	D:\MyWork\新建文件夹\mom.report.client\src\MyMod\crys_the_swarm_reborn.SC2Mod\原始mod\Mods\XM\XMFinal.SC2Mod\Base.SC2Data\GameData\ActorData.xml	added_or_newer_duplicate
AlarakStructureOvercharge	CBehaviorBuff	mods/starcoop/starcoop.sc2mod/base.sc2data/gamedata/behaviordata.xml	D:\MyWork\新建文件夹\mom.report.client\src\MyMod\crys_the_swarm_reborn.SC2Mod\原始mod\Mods\XM\XMFinal.SC2Mod\Base.SC2Data\GameData\BehaviorData.xml	added_or_newer_duplicate
AllUnitBehaviorController	CBehaviorBuff	mods/starcoop/starcoop.sc2mod/base.sc2data/gamedata/behaviordata.xml	D:\MyWork\新建文件夹\mom.report.client\src\MyMod\crys_the_swarm_reborn.SC2Mod\原始mod\Mods\XM\XMFinal.SC2Mod\Base.SC2Data\GameData\BehaviorData.xml	skipped_existing
CommanderPrestigeRaynorAir	CBehaviorBuff	mods/starcoop/starcoop.sc2mod/base.sc2data/gamedata/behaviordata.xml	D:\MyWork\新建文件夹\mom.report.client\src\MyMod\crys_the_swarm_reborn.SC2Mod\原始mod\Mods\XM\XMFinal.SC2Mod\Base.SC2Data\GameData\BehaviorData.xml	added_or_newer_duplicate
CommanderPrestigeVorazunTimeStopCount	CBehaviorAttribute	mods/starcoop/starcoop.sc2mod/base.sc2data/gamedata/behaviordata.xml	D:\MyWork\新建文件夹\mom.report.client\src\MyMod\crys_the_swarm_reborn.SC2Mod\原始mod\Mods\XM\XMFinal.SC2Mod\Base.SC2Data\GameData\BehaviorData.xml	added_or_newer_duplicate
HeroCCImmunity	CBehaviorBuff	mods/starcoop/starcoop.sc2mod/base.sc2data/gamedata/behaviordata.xml	D:\MyWork\新建文件夹\mom.report.client\src\MyMod\crys_the_swarm_reborn.SC2Mod\原始mod\Mods\XM\XMFinal.SC2Mod\Base.SC2Data\GameData\BehaviorData.xml	added_or_newer_duplicate
HeroicFortitude	CBehaviorBuff	mods/starcoop/starcoop.sc2mod/base.sc2data/gamedata/behaviordata.xml	D:\MyWork\新建文件夹\mom.report.client\src\MyMod\crys_the_swarm_reborn.SC2Mod\原始mod\Mods\XM\XMFinal.SC2Mod\Base.SC2Data\GameData\BehaviorData.xml	added_or_newer_duplicate
KaraxMasterySoAEnergyRegen	CBehaviorBuff	mods/starcoop/starcoop.sc2mod/base.sc2data/gamedata/behaviordata.xml	D:\MyWork\新建文件夹\mom.report.client\src\MyMod\crys_the_swarm_reborn.SC2Mod\原始mod\Mods\XM\XMFinal.SC2Mod\Base.SC2Data\GameData\BehaviorData.xml	added_or_newer_duplicate
KerriganAssimilation	CBehaviorBuff	mods/starcoop/starcoop.sc2mod/base.sc2data/gamedata/behaviordata.xml	D:\MyWork\新建文件夹\mom.report.client\src\MyMod\crys_the_swarm_reborn.SC2Mod\原始mod\Mods\XM\XMFinal.SC2Mod\Base.SC2Data\GameData\BehaviorData.xml	added_or_newer_duplicate
KerriganAssimilationLifesteal	CBehaviorBuff	mods/starcoop/starcoop.sc2mod/base.sc2data/gamedata/behaviordata.xml	D:\MyWork\新建文件夹\mom.report.client\src\MyMod\crys_the_swarm_reborn.SC2Mod\原始mod\Mods\XM\XMFinal.SC2Mod\Base.SC2Data\GameData\BehaviorData.xml	added_or_newer_duplicate
KerriganMaelstrom	CBehaviorBuff	mods/starcoop/starcoop.sc2mod/base.sc2data/gamedata/behaviordata.xml	D:\MyWork\新建文件夹\mom.report.client\src\MyMod\crys_the_swarm_reborn.SC2Mod\原始mod\Mods\XM\XMFinal.SC2Mod\Base.SC2Data\GameData\BehaviorData.xml	added_or_newer_duplicate
KerriganVoidCoopCrushingGripWaveStun	CBehaviorBuff	mods/starcoop/starcoop.sc2mod/base.sc2data/gamedata/behaviordata.xml	D:\MyWork\新建文件夹\mom.report.client\src\MyMod\crys_the_swarm_reborn.SC2Mod\原始mod\Mods\XM\XMFinal.SC2Mod\Base.SC2Data\GameData\BehaviorData.xml	added_or_newer_duplicate
KerriganVoidCoopEconDrop	CBehaviorBuff	mods/starcoop/starcoop.sc2mod/base.sc2data/gamedata/behaviordata.xml	D:\MyWork\新建文件夹\mom.report.client\src\MyMod\crys_the_swarm_reborn.SC2Mod\原始mod\Mods\XM\XMFinal.SC2Mod\Base.SC2Data\GameData\BehaviorData.xml	added_or_newer_duplicate
ShadowGuardTimedLife	CBehaviorBuff	mods/starcoop/starcoop.sc2mod/base.sc2data/gamedata/behaviordata.xml	D:\MyWork\新建文件夹\mom.report.client\src\MyMod\crys_the_swarm_reborn.SC2Mod\原始mod\Mods\XM\XMFinal.SC2Mod\Base.SC2Data\GameData\BehaviorData.xml	added_or_newer_duplicate
SOAMapWideChrono	CBehaviorBuff	mods/starcoop/starcoop.sc2mod/base.sc2data/gamedata/behaviordata.xml	D:\MyWork\新建文件夹\mom.report.client\src\MyMod\crys_the_swarm_reborn.SC2Mod\原始mod\Mods\XM\XMFinal.SC2Mod\Base.SC2Data\GameData\BehaviorData.xml	added_or_newer_duplicate
SOARepairBeam	CBehaviorBuff	mods/starcoop/starcoop.sc2mod/base.sc2data/gamedata/behaviordata.xml	D:\MyWork\新建文件夹\mom.report.client\src\MyMod\crys_the_swarm_reborn.SC2Mod\原始mod\Mods\XM\XMFinal.SC2Mod\Base.SC2Data\GameData\BehaviorData.xml	added_or_newer_duplicate
SOASuperShield	CBehaviorBuff	mods/starcoop/starcoop.sc2mod/base.sc2data/gamedata/behaviordata.xml	D:\MyWork\新建文件夹\mom.report.client\src\MyMod\crys_the_swarm_reborn.SC2Mod\原始mod\Mods\XM\XMFinal.SC2Mod\Base.SC2Data\GameData\BehaviorData.xml	added_or_newer_duplicate
SOAThermalLanceActivate	CBehaviorBuff	mods/starcoop/starcoop.sc2mod/base.sc2data/gamedata/behaviordata.xml	D:\MyWork\新建文件夹\mom.report.client\src\MyMod\crys_the_swarm_reborn.SC2Mod\原始mod\Mods\XM\XMFinal.SC2Mod\Base.SC2Data\GameData\BehaviorData.xml	added_or_newer_duplicate
VoidSentryBlackHole	CBehaviorBuff	mods/starcoop/starcoop.sc2mod/base.sc2data/gamedata/behaviordata.xml	D:\MyWork\新建文件夹\mom.report.client\src\MyMod\crys_the_swarm_reborn.SC2Mod\原始mod\Mods\XM\XMFinal.SC2Mod\Base.SC2Data\GameData\BehaviorData.xml	added_or_newer_duplicate
AlarakACSummonDeathfleet	CButton	mods/starcoop/starcoop.sc2mod/base.sc2data/gamedata/buttondata.xml	D:\MyWork\新建文件夹\mom.report.client\src\MyMod\crys_the_swarm_reborn.SC2Mod\原始mod\Mods\XM\XMFinal.SC2Mod\Base.SC2Data\GameData\ButtonData.xml	added_or_newer_duplicate
AlarakDeathFleetLocked	CButton	mods/starcoop/starcoop.sc2mod/base.sc2data/gamedata/buttondata.xml	D:\MyWork\新建文件夹\mom.report.client\src\MyMod\crys_the_swarm_reborn.SC2Mod\原始mod\Mods\XM\XMFinal.SC2Mod\Base.SC2Data\GameData\ButtonData.xml	added_or_newer_duplicate
AlarakStructureOvercharge	CButton	mods/starcoop/starcoop.sc2mod/base.sc2data/gamedata/buttondata.xml	D:\MyWork\新建文件夹\mom.report.client\src\MyMod\crys_the_swarm_reborn.SC2Mod\原始mod\Mods\XM\XMFinal.SC2Mod\Base.SC2Data\GameData\ButtonData.xml	added_or_newer_duplicate
BansheeAirstrike	CButton	mods/starcoop/starcoop.sc2mod/base.sc2data/gamedata/buttondata.xml	D:\MyWork\新建文件夹\mom.report.client\src\MyMod\crys_the_swarm_reborn.SC2Mod\原始mod\Mods\XM\XMFinal.SC2Mod\Base.SC2Data\GameData\ButtonData.xml	added_or_newer_duplicate
BansheeAirstrikeLocked	CButton	mods/starcoop/starcoop.sc2mod/base.sc2data/gamedata/buttondata.xml	D:\MyWork\新建文件夹\mom.report.client\src\MyMod\crys_the_swarm_reborn.SC2Mod\原始mod\Mods\XM\XMFinal.SC2Mod\Base.SC2Data\GameData\ButtonData.xml	added_or_newer_duplicate
Charge	CButton	mods/starcoop/starcoop.sc2mod/base.sc2data/gamedata/buttondata.xml	D:\MyWork\新建文件夹\mom.report.client\src\MyMod\crys_the_swarm_reborn.SC2Mod\原始mod\Mods\XM\XMFinal.SC2Mod\Base.SC2Data\GameData\ButtonData.xml	skipped_existing
CommanderPrestigeAlarakDeathFleetLocked	CButton	mods/starcoop/starcoop.sc2mod/base.sc2data/gamedata/buttondata.xml	D:\MyWork\新建文件夹\mom.report.client\src\MyMod\crys_the_swarm_reborn.SC2Mod\原始mod\Mods\XM\XMFinal.SC2Mod\Base.SC2Data\GameData\ButtonData.xml	added_or_newer_duplicate
CommanderPrestigeArtanisGuardianShellLocked	CButton	mods/starcoop/starcoop.sc2mod/base.sc2data/gamedata/buttondata.xml	D:\MyWork\新建文件夹\mom.report.client\src\MyMod\crys_the_swarm_reborn.SC2Mod\原始mod\Mods\XM\XMFinal.SC2Mod\Base.SC2Data\GameData\ButtonData.xml	added_or_newer_duplicate
CommanderPrestigeKaraxChronoFieldLocked	CButton	mods/starcoop/starcoop.sc2mod/base.sc2data/gamedata/buttondata.xml	D:\MyWork\新建文件夹\mom.report.client\src\MyMod\crys_the_swarm_reborn.SC2Mod\原始mod\Mods\XM\XMFinal.SC2Mod\Base.SC2Data\GameData\ButtonData.xml	added_or_newer_duplicate
CommanderPrestigeKaraxChronoWaveLocked	CButton	mods/starcoop/starcoop.sc2mod/base.sc2data/gamedata/buttondata.xml	D:\MyWork\新建文件夹\mom.report.client\src\MyMod\crys_the_swarm_reborn.SC2Mod\原始mod\Mods\XM\XMFinal.SC2Mod\Base.SC2Data\GameData\ButtonData.xml	added_or_newer_duplicate
K5CooldownsLocked	CButton	mods/starcoop/starcoop.sc2mod/base.sc2data/gamedata/buttondata.xml	D:\MyWork\新建文件夹\mom.report.client\src\MyMod\crys_the_swarm_reborn.SC2Mod\原始mod\Mods\XM\XMFinal.SC2Mod\Base.SC2Data\GameData\ButtonData.xml	skipped_existing
KerriganAssimilation	CButton	mods/starcoop/starcoop.sc2mod/base.sc2data/gamedata/buttondata.xml	D:\MyWork\新建文件夹\mom.report.client\src\MyMod\crys_the_swarm_reborn.SC2Mod\原始mod\Mods\XM\XMFinal.SC2Mod\Base.SC2Data\GameData\ButtonData.xml	added_or_newer_duplicate
KerriganChainLightning	CButton	mods/starcoop/starcoop.sc2mod/base.sc2data/gamedata/buttondata.xml	D:\MyWork\新建文件夹\mom.report.client\src\MyMod\crys_the_swarm_reborn.SC2Mod\原始mod\Mods\XM\XMFinal.SC2Mod\Base.SC2Data\GameData\ButtonData.xml	skipped_existing
KerriganCrushingGripWaveLocked	CButton	mods/starcoop/starcoop.sc2mod/base.sc2data/gamedata/buttondata.xml	D:\MyWork\新建文件夹\mom.report.client\src\MyMod\crys_the_swarm_reborn.SC2Mod\原始mod\Mods\XM\XMFinal.SC2Mod\Base.SC2Data\GameData\ButtonData.xml	added_or_newer_duplicate
KerriganFuryLocked	CButton	mods/starcoop/starcoop.sc2mod/base.sc2data/gamedata/buttondata.xml	D:\MyWork\新建文件夹\mom.report.client\src\MyMod\crys_the_swarm_reborn.SC2Mod\原始mod\Mods\XM\XMFinal.SC2Mod\Base.SC2Data\GameData\ButtonData.xml	added_or_newer_duplicate
KerriganMaelstrom	CButton	mods/starcoop/starcoop.sc2mod/base.sc2data/gamedata/buttondata.xml	D:\MyWork\新建文件夹\mom.report.client\src\MyMod\crys_the_swarm_reborn.SC2Mod\原始mod\Mods\XM\XMFinal.SC2Mod\Base.SC2Data\GameData\ButtonData.xml	added_or_newer_duplicate
KerriganVoidCoopCrushingGripWave	CButton	mods/starcoop/starcoop.sc2mod/base.sc2data/gamedata/buttondata.xml	D:\MyWork\新建文件夹\mom.report.client\src\MyMod\crys_the_swarm_reborn.SC2Mod\原始mod\Mods\XM\XMFinal.SC2Mod\Base.SC2Data\GameData\ButtonData.xml	added_or_newer_duplicate
KerriganVoidCoopEconDrop	CButton	mods/starcoop/starcoop.sc2mod/base.sc2data/gamedata/buttondata.xml	D:\MyWork\新建文件夹\mom.report.client\src\MyMod\crys_the_swarm_reborn.SC2Mod\原始mod\Mods\XM\XMFinal.SC2Mod\Base.SC2Data\GameData\ButtonData.xml	skipped_existing
MindBolt	CButton	mods/starcoop/starcoop.sc2mod/base.sc2data/gamedata/buttondata.xml	D:\MyWork\新建文件夹\mom.report.client\src\MyMod\crys_the_swarm_reborn.SC2Mod\原始mod\Mods\XM\XMFinal.SC2Mod\Base.SC2Data\GameData\ButtonData.xml	skipped_existing
PrimalSlash	CButton	mods/starcoop/starcoop.sc2mod/base.sc2data/gamedata/buttondata.xml	D:\MyWork\新建文件夹\mom.report.client\src\MyMod\crys_the_swarm_reborn.SC2Mod\原始mod\Mods\XM\XMFinal.SC2Mod\Base.SC2Data\GameData\ButtonData.xml	skipped_existing
PsionicLift	CButton	mods/starcoop/starcoop.sc2mod/base.sc2data/gamedata/buttondata.xml	D:\MyWork\新建文件夹\mom.report.client\src\MyMod\crys_the_swarm_reborn.SC2Mod\原始mod\Mods\XM\XMFinal.SC2Mod\Base.SC2Data\GameData\ButtonData.xml	skipped_existing
PsiStrike	CButton	mods/starcoop/starcoop.sc2mod/base.sc2data/gamedata/buttondata.xml	D:\MyWork\新建文件夹\mom.report.client\src\MyMod\crys_the_swarm_reborn.SC2Mod\原始mod\Mods\XM\XMFinal.SC2Mod\Base.SC2Data\GameData\ButtonData.xml	skipped_existing
PurifierBeamLocked	CButton	mods/starcoop/starcoop.sc2mod/base.sc2data/gamedata/buttondata.xml	D:\MyWork\新建文件夹\mom.report.client\src\MyMod\crys_the_swarm_reborn.SC2Mod\原始mod\Mods\XM\XMFinal.SC2Mod\Base.SC2Data\GameData\ButtonData.xml	added_or_newer_duplicate
QueenofBladesLocked	CButton	mods/starcoop/starcoop.sc2mod/base.sc2data/gamedata/buttondata.xml	D:\MyWork\新建文件夹\mom.report.client\src\MyMod\crys_the_swarm_reborn.SC2Mod\原始mod\Mods\XM\XMFinal.SC2Mod\Base.SC2Data\GameData\ButtonData.xml	added_or_newer_duplicate
RecallOnDeathPassive	CButton	mods/starcoop/starcoop.sc2mod/base.sc2data/gamedata/buttondata.xml	D:\MyWork\新建文件夹\mom.report.client\src\MyMod\crys_the_swarm_reborn.SC2Mod\原始mod\Mods\XM\XMFinal.SC2Mod\Base.SC2Data\GameData\ButtonData.xml	added_or_newer_duplicate
RecallonDeathPassiveLocked	CButton	mods/starcoop/starcoop.sc2mod/base.sc2data/gamedata/buttondata.xml	D:\MyWork\新建文件夹\mom.report.client\src\MyMod\crys_the_swarm_reborn.SC2Mod\原始mod\Mods\XM\XMFinal.SC2Mod\Base.SC2Data\GameData\ButtonData.xml	added_or_newer_duplicate
ReconstructionBeamLocked	CButton	mods/starcoop/starcoop.sc2mod/base.sc2data/gamedata/buttondata.xml	D:\MyWork\新建文件夹\mom.report.client\src\MyMod\crys_the_swarm_reborn.SC2Mod\原始mod\Mods\XM\XMFinal.SC2Mod\Base.SC2Data\GameData\ButtonData.xml	added_or_newer_duplicate
SOAChronoPassive	CButton	mods/starcoop/starcoop.sc2mod/base.sc2data/gamedata/buttondata.xml	D:\MyWork\新建文件夹\mom.report.client\src\MyMod\crys_the_swarm_reborn.SC2Mod\原始mod\Mods\XM\XMFinal.SC2Mod\Base.SC2Data\GameData\ButtonData.xml	added_or_newer_duplicate
SOAChronoPassiveLocked	CButton	mods/starcoop/starcoop.sc2mod/base.sc2data/gamedata/buttondata.xml	D:\MyWork\新建文件夹\mom.report.client\src\MyMod\crys_the_swarm_reborn.SC2Mod\原始mod\Mods\XM\XMFinal.SC2Mod\Base.SC2Data\GameData\ButtonData.xml	added_or_newer_duplicate
SOADarkPylon	CButton	mods/starcoop/starcoop.sc2mod/base.sc2data/gamedata/buttondata.xml	D:\MyWork\新建文件夹\mom.report.client\src\MyMod\crys_the_swarm_reborn.SC2Mod\原始mod\Mods\XM\XMFinal.SC2Mod\Base.SC2Data\GameData\ButtonData.xml	added_or_newer_duplicate
SOAHeroicShield	CButton	mods/starcoop/starcoop.sc2mod/base.sc2data/gamedata/buttondata.xml	D:\MyWork\新建文件夹\mom.report.client\src\MyMod\crys_the_swarm_reborn.SC2Mod\原始mod\Mods\XM\XMFinal.SC2Mod\Base.SC2Data\GameData\ButtonData.xml	added_or_newer_duplicate
SOAHeroicShieldLocked	CButton	mods/starcoop/starcoop.sc2mod/base.sc2data/gamedata/buttondata.xml	D:\MyWork\新建文件夹\mom.report.client\src\MyMod\crys_the_swarm_reborn.SC2Mod\原始mod\Mods\XM\XMFinal.SC2Mod\Base.SC2Data\GameData\ButtonData.xml	added_or_newer_duplicate
SOAMapWideChrono	CButton	mods/starcoop/starcoop.sc2mod/base.sc2data/gamedata/buttondata.xml	D:\MyWork\新建文件夹\mom.report.client\src\MyMod\crys_the_swarm_reborn.SC2Mod\原始mod\Mods\XM\XMFinal.SC2Mod\Base.SC2Data\GameData\ButtonData.xml	added_or_newer_duplicate
SOAOrbitalStrike	CButton	mods/starcoop/starcoop.sc2mod/base.sc2data/gamedata/buttondata.xml	D:\MyWork\新建文件夹\mom.report.client\src\MyMod\crys_the_swarm_reborn.SC2Mod\原始mod\Mods\XM\XMFinal.SC2Mod\Base.SC2Data\GameData\ButtonData.xml	added_or_newer_duplicate
SOAOrbitalStrikeKarax	CButton	mods/starcoop/starcoop.sc2mod/base.sc2data/gamedata/buttondata.xml	D:\MyWork\新建文件夹\mom.report.client\src\MyMod\crys_the_swarm_reborn.SC2Mod\原始mod\Mods\XM\XMFinal.SC2Mod\Base.SC2Data\GameData\ButtonData.xml	added_or_newer_duplicate
SOAPylonPower	CButton	mods/starcoop/starcoop.sc2mod/base.sc2data/gamedata/buttondata.xml	D:\MyWork\新建文件夹\mom.report.client\src\MyMod\crys_the_swarm_reborn.SC2Mod\原始mod\Mods\XM\XMFinal.SC2Mod\Base.SC2Data\GameData\ButtonData.xml	added_or_newer_duplicate
SOARepairBeam	CButton	mods/starcoop/starcoop.sc2mod/base.sc2data/gamedata/buttondata.xml	D:\MyWork\新建文件夹\mom.report.client\src\MyMod\crys_the_swarm_reborn.SC2Mod\原始mod\Mods\XM\XMFinal.SC2Mod\Base.SC2Data\GameData\ButtonData.xml	added_or_newer_duplicate
SOAShadowGuardCalldown	CButton	mods/starcoop/starcoop.sc2mod/base.sc2data/gamedata/buttondata.xml	D:\MyWork\新建文件夹\mom.report.client\src\MyMod\crys_the_swarm_reborn.SC2Mod\原始mod\Mods\XM\XMFinal.SC2Mod\Base.SC2Data\GameData\ButtonData.xml	added_or_newer_duplicate
SOAStrafeAttack	CButton	mods/starcoop/starcoop.sc2mod/base.sc2data/gamedata/buttondata.xml	D:\MyWork\新建文件夹\mom.report.client\src\MyMod\crys_the_swarm_reborn.SC2Mod\原始mod\Mods\XM\XMFinal.SC2Mod\Base.SC2Data\GameData\ButtonData.xml	added_or_newer_duplicate
SOAStrafeAttackLocked	CButton	mods/starcoop/starcoop.sc2mod/base.sc2data/gamedata/buttondata.xml	D:\MyWork\新建文件夹\mom.report.client\src\MyMod\crys_the_swarm_reborn.SC2Mod\原始mod\Mods\XM\XMFinal.SC2Mod\Base.SC2Data\GameData\ButtonData.xml	added_or_newer_duplicate
SOAStrikefromtheShadows	CButton	mods/starcoop/starcoop.sc2mod/base.sc2data/gamedata/buttondata.xml	D:\MyWork\新建文件夹\mom.report.client\src\MyMod\crys_the_swarm_reborn.SC2Mod\原始mod\Mods\XM\XMFinal.SC2Mod\Base.SC2Data\GameData\ButtonData.xml	added_or_newer_duplicate
SOASummonFenix	CButton	mods/starcoop/starcoop.sc2mod/base.sc2data/gamedata/buttondata.xml	D:\MyWork\新建文件夹\mom.report.client\src\MyMod\crys_the_swarm_reborn.SC2Mod\原始mod\Mods\XM\XMFinal.SC2Mod\Base.SC2Data\GameData\ButtonData.xml	added_or_newer_duplicate
SOASummonFenixArbiter	CButton	mods/starcoop/starcoop.sc2mod/base.sc2data/gamedata/buttondata.xml	D:\MyWork\新建文件夹\mom.report.client\src\MyMod\crys_the_swarm_reborn.SC2Mod\原始mod\Mods\XM\XMFinal.SC2Mod\Base.SC2Data\GameData\ButtonData.xml	added_or_newer_duplicate
SOASummonFenixArbiterLocked	CButton	mods/starcoop/starcoop.sc2mod/base.sc2data/gamedata/buttondata.xml	D:\MyWork\新建文件夹\mom.report.client\src\MyMod\crys_the_swarm_reborn.SC2Mod\原始mod\Mods\XM\XMFinal.SC2Mod\Base.SC2Data\GameData\ButtonData.xml	added_or_newer_duplicate
SOASummonFenixArbiterPassive	CButton	mods/starcoop/starcoop.sc2mod/base.sc2data/gamedata/buttondata.xml	D:\MyWork\新建文件夹\mom.report.client\src\MyMod\crys_the_swarm_reborn.SC2Mod\原始mod\Mods\XM\XMFinal.SC2Mod\Base.SC2Data\GameData\ButtonData.xml	added_or_newer_duplicate
SOASummonFenixDragoon	CButton	mods/starcoop/starcoop.sc2mod/base.sc2data/gamedata/buttondata.xml	D:\MyWork\新建文件夹\mom.report.client\src\MyMod\crys_the_swarm_reborn.SC2Mod\原始mod\Mods\XM\XMFinal.SC2Mod\Base.SC2Data\GameData\ButtonData.xml	added_or_newer_duplicate
SOASummonFenixDragoonPassive	CButton	mods/starcoop/starcoop.sc2mod/base.sc2data/gamedata/buttondata.xml	D:\MyWork\新建文件夹\mom.report.client\src\MyMod\crys_the_swarm_reborn.SC2Mod\原始mod\Mods\XM\XMFinal.SC2Mod\Base.SC2Data\GameData\ButtonData.xml	added_or_newer_duplicate
SOASummonFenixPassive	CButton	mods/starcoop/starcoop.sc2mod/base.sc2data/gamedata/buttondata.xml	D:\MyWork\新建文件夹\mom.report.client\src\MyMod\crys_the_swarm_reborn.SC2Mod\原始mod\Mods\XM\XMFinal.SC2Mod\Base.SC2Data\GameData\ButtonData.xml	added_or_newer_duplicate
SOASuperChronoMapWide	CButton	mods/starcoop/starcoop.sc2mod/base.sc2data/gamedata/buttondata.xml	D:\MyWork\新建文件夹\mom.report.client\src\MyMod\crys_the_swarm_reborn.SC2Mod\原始mod\Mods\XM\XMFinal.SC2Mod\Base.SC2Data\GameData\ButtonData.xml	added_or_newer_duplicate
SOASuperShield	CButton	mods/starcoop/starcoop.sc2mod/base.sc2data/gamedata/buttondata.xml	D:\MyWork\新建文件夹\mom.report.client\src\MyMod\crys_the_swarm_reborn.SC2Mod\原始mod\Mods\XM\XMFinal.SC2Mod\Base.SC2Data\GameData\ButtonData.xml	added_or_newer_duplicate
SOATimeFreeze	CButton	mods/starcoop/starcoop.sc2mod/base.sc2data/gamedata/buttondata.xml	D:\MyWork\新建文件夹\mom.report.client\src\MyMod\crys_the_swarm_reborn.SC2Mod\原始mod\Mods\XM\XMFinal.SC2Mod\Base.SC2Data\GameData\ButtonData.xml	added_or_newer_duplicate
SOATimeStopLocked	CButton	mods/starcoop/starcoop.sc2mod/base.sc2data/gamedata/buttondata.xml	D:\MyWork\新建文件夹\mom.report.client\src\MyMod\crys_the_swarm_reborn.SC2Mod\原始mod\Mods\XM\XMFinal.SC2Mod\Base.SC2Data\GameData\ButtonData.xml	added_or_newer_duplicate
SOAVorazunBlackHole	CButton	mods/starcoop/starcoop.sc2mod/base.sc2data/gamedata/buttondata.xml	D:\MyWork\新建文件夹\mom.report.client\src\MyMod\crys_the_swarm_reborn.SC2Mod\原始mod\Mods\XM\XMFinal.SC2Mod\Base.SC2Data\GameData\ButtonData.xml	added_or_newer_duplicate
StrikefromtheShadowsLocked	CButton	mods/starcoop/starcoop.sc2mod/base.sc2data/gamedata/buttondata.xml	D:\MyWork\新建文件夹\mom.report.client\src\MyMod\crys_the_swarm_reborn.SC2Mod\原始mod\Mods\XM\XMFinal.SC2Mod\Base.SC2Data\GameData\ButtonData.xml	added_or_newer_duplicate
SummonHyperionVoid	CButton	mods/starcoop/starcoop.sc2mod/base.sc2data/gamedata/buttondata.xml	D:\MyWork\新建文件夹\mom.report.client\src\MyMod\crys_the_swarm_reborn.SC2Mod\原始mod\Mods\XM\XMFinal.SC2Mod\Base.SC2Data\GameData\ButtonData.xml	added_or_newer_duplicate
VoidSentryBlackHole	CButton	mods/starcoop/starcoop.sc2mod/base.sc2data/gamedata/buttondata.xml	D:\MyWork\新建文件夹\mom.report.client\src\MyMod\crys_the_swarm_reborn.SC2Mod\原始mod\Mods\XM\XMFinal.SC2Mod\Base.SC2Data\GameData\ButtonData.xml	added_or_newer_duplicate
WarpHarmonizationLocked	CButton	mods/starcoop/starcoop.sc2mod/base.sc2data/gamedata/buttondata.xml	D:\MyWork\新建文件夹\mom.report.client\src\MyMod\crys_the_swarm_reborn.SC2Mod\原始mod\Mods\XM\XMFinal.SC2Mod\Base.SC2Data\GameData\ButtonData.xml	added_or_newer_duplicate
AlarakACSummonDeathfleet	CEffectCreateUnit	mods/starcoop/starcoop.sc2mod/base.sc2data/gamedata/effectdata.xml	D:\MyWork\新建文件夹\mom.report.client\src\MyMod\crys_the_swarm_reborn.SC2Mod\原始mod\Mods\XM\XMFinal.SC2Mod\Base.SC2Data\GameData\EffectData.xml	added_or_newer_duplicate
AlarakACSummonDeathFleetInitialSet	CEffectSet	mods/starcoop/starcoop.sc2mod/base.sc2data/gamedata/effectdata.xml	D:\MyWork\新建文件夹\mom.report.client\src\MyMod\crys_the_swarm_reborn.SC2Mod\原始mod\Mods\XM\XMFinal.SC2Mod\Base.SC2Data\GameData\EffectData.xml	added_or_newer_duplicate
AlarakStructureOverchargeDamage	CEffectDamage	mods/starcoop/starcoop.sc2mod/base.sc2data/gamedata/effectdata.xml	D:\MyWork\新建文件夹\mom.report.client\src\MyMod\crys_the_swarm_reborn.SC2Mod\原始mod\Mods\XM\XMFinal.SC2Mod\Base.SC2Data\GameData\EffectData.xml	added_or_newer_duplicate
AlarakStructureOverchargeRefresh	CEffectSet	mods/starcoop/starcoop.sc2mod/base.sc2data/gamedata/effectdata.xml	D:\MyWork\新建文件夹\mom.report.client\src\MyMod\crys_the_swarm_reborn.SC2Mod\原始mod\Mods\XM\XMFinal.SC2Mod\Base.SC2Data\GameData\EffectData.xml	added_or_newer_duplicate
AlarakStructureOverchargeSearch	CEffectEnumArea	mods/starcoop/starcoop.sc2mod/base.sc2data/gamedata/effectdata.xml	D:\MyWork\新建文件夹\mom.report.client\src\MyMod\crys_the_swarm_reborn.SC2Mod\原始mod\Mods\XM\XMFinal.SC2Mod\Base.SC2Data\GameData\EffectData.xml	added_or_newer_duplicate
AlarakStructureOverchargeSet	CEffectSet	mods/starcoop/starcoop.sc2mod/base.sc2data/gamedata/effectdata.xml	D:\MyWork\新建文件夹\mom.report.client\src\MyMod\crys_the_swarm_reborn.SC2Mod\原始mod\Mods\XM\XMFinal.SC2Mod\Base.SC2Data\GameData\EffectData.xml	added_or_newer_duplicate
BansheeAirstrike	CEffectCreateUnit	mods/starcoop/starcoop.sc2mod/base.sc2data/gamedata/effectdata.xml	D:\MyWork\新建文件夹\mom.report.client\src\MyMod\crys_the_swarm_reborn.SC2Mod\原始mod\Mods\XM\XMFinal.SC2Mod\Base.SC2Data\GameData\EffectData.xml	added_or_newer_duplicate
BansheeAirstrikeInitialSet	CEffectSet	mods/starcoop/starcoop.sc2mod/base.sc2data/gamedata/effectdata.xml	D:\MyWork\新建文件夹\mom.report.client\src\MyMod\crys_the_swarm_reborn.SC2Mod\原始mod\Mods\XM\XMFinal.SC2Mod\Base.SC2Data\GameData\EffectData.xml	added_or_newer_duplicate
BansheeAirstrikeSearch	CEffectEnumArea	mods/starcoop/starcoop.sc2mod/base.sc2data/gamedata/effectdata.xml	D:\MyWork\新建文件夹\mom.report.client\src\MyMod\crys_the_swarm_reborn.SC2Mod\原始mod\Mods\XM\XMFinal.SC2Mod\Base.SC2Data\GameData\EffectData.xml	added_or_newer_duplicate
CommanderPrestigeVorazunTimeStop	CEffectSet	mods/starcoop/starcoop.sc2mod/base.sc2data/gamedata/effectdata.xml	D:\MyWork\新建文件夹\mom.report.client\src\MyMod\crys_the_swarm_reborn.SC2Mod\原始mod\Mods\XM\XMFinal.SC2Mod\Base.SC2Data\GameData\EffectData.xml	added_or_newer_duplicate
CommanderPrestigeVorazunTimeStopGuardCP	CEffectCreatePersistent	mods/starcoop/starcoop.sc2mod/base.sc2data/gamedata/effectdata.xml	D:\MyWork\新建文件夹\mom.report.client\src\MyMod\crys_the_swarm_reborn.SC2Mod\原始mod\Mods\XM\XMFinal.SC2Mod\Base.SC2Data\GameData\EffectData.xml	added_or_newer_duplicate
KaraxVoidCoopSOAEnergyRechargeTargetingDummy	CEffectModifyUnit	mods/starcoop/starcoop.sc2mod/base.sc2data/gamedata/effectdata.xml	D:\MyWork\新建文件夹\mom.report.client\src\MyMod\crys_the_swarm_reborn.SC2Mod\原始mod\Mods\XM\XMFinal.SC2Mod\Base.SC2Data\GameData\EffectData.xml	added_or_newer_duplicate
KerriganMaelstromInitialSet	CEffectSet	mods/starcoop/starcoop.sc2mod/base.sc2data/gamedata/effectdata.xml	D:\MyWork\新建文件夹\mom.report.client\src\MyMod\crys_the_swarm_reborn.SC2Mod\原始mod\Mods\XM\XMFinal.SC2Mod\Base.SC2Data\GameData\EffectData.xml	added_or_newer_duplicate
KerriganMaelstromSearch	CEffectEnumArea	mods/starcoop/starcoop.sc2mod/base.sc2data/gamedata/effectdata.xml	D:\MyWork\新建文件夹\mom.report.client\src\MyMod\crys_the_swarm_reborn.SC2Mod\原始mod\Mods\XM\XMFinal.SC2Mod\Base.SC2Data\GameData\EffectData.xml	added_or_newer_duplicate
KerriganVoidCoopCrushingGripWaveDelayCP	CEffectCreatePersistent	mods/starcoop/starcoop.sc2mod/base.sc2data/gamedata/effectdata.xml	D:\MyWork\新建文件夹\mom.report.client\src\MyMod\crys_the_swarm_reborn.SC2Mod\原始mod\Mods\XM\XMFinal.SC2Mod\Base.SC2Data\GameData\EffectData.xml	added_or_newer_duplicate
KerriganVoidCoopEconDropCasterAB	CEffectApplyBehavior	mods/starcoop/starcoop.sc2mod/base.sc2data/gamedata/effectdata.xml	D:\MyWork\新建文件夹\mom.report.client\src\MyMod\crys_the_swarm_reborn.SC2Mod\原始mod\Mods\XM\XMFinal.SC2Mod\Base.SC2Data\GameData\EffectData.xml	added_or_newer_duplicate
PsiStrikeWalk	CEffectSet	mods/starcoop/starcoop.sc2mod/base.sc2data/gamedata/effectdata.xml	D:\MyWork\新建文件夹\mom.report.client\src\MyMod\crys_the_swarm_reborn.SC2Mod\原始mod\Mods\XM\XMFinal.SC2Mod\Base.SC2Data\GameData\EffectData.xml	added_or_newer_duplicate
ShadowGuardCU	CEffectCreateUnit	mods/starcoop/starcoop.sc2mod/base.sc2data/gamedata/effectdata.xml	D:\MyWork\新建文件夹\mom.report.client\src\MyMod\crys_the_swarm_reborn.SC2Mod\原始mod\Mods\XM\XMFinal.SC2Mod\Base.SC2Data\GameData\EffectData.xml	added_or_newer_duplicate
SOAMapWideChronoBlackOpsSet	CEffectSet	mods/starcoop/starcoop.sc2mod/base.sc2data/gamedata/effectdata.xml	D:\MyWork\新建文件夹\mom.report.client\src\MyMod\crys_the_swarm_reborn.SC2Mod\原始mod\Mods\XM\XMFinal.SC2Mod\Base.SC2Data\GameData\EffectData.xml	added_or_newer_duplicate
SOAMapWideChronoSearch	CEffectEnumArea	mods/starcoop/starcoop.sc2mod/base.sc2data/gamedata/effectdata.xml	D:\MyWork\新建文件夹\mom.report.client\src\MyMod\crys_the_swarm_reborn.SC2Mod\原始mod\Mods\XM\XMFinal.SC2Mod\Base.SC2Data\GameData\EffectData.xml	added_or_newer_duplicate
SOAMothershipv4CreationSet	CEffectSet	mods/starcoop/starcoop.sc2mod/base.sc2data/gamedata/effectdata.xml	D:\MyWork\新建文件夹\mom.report.client\src\MyMod\crys_the_swarm_reborn.SC2Mod\原始mod\Mods\XM\XMFinal.SC2Mod\Base.SC2Data\GameData\EffectData.xml	added_or_newer_duplicate
SOAOrbitalStrikeCP	CEffectCreatePersistent	mods/starcoop/starcoop.sc2mod/base.sc2data/gamedata/effectdata.xml	D:\MyWork\新建文件夹\mom.report.client\src\MyMod\crys_the_swarm_reborn.SC2Mod\原始mod\Mods\XM\XMFinal.SC2Mod\Base.SC2Data\GameData\EffectData.xml	added_or_newer_duplicate
SOAOrbitalStrikeImpactSearch	CEffectEnumArea	mods/starcoop/starcoop.sc2mod/base.sc2data/gamedata/effectdata.xml	D:\MyWork\新建文件夹\mom.report.client\src\MyMod\crys_the_swarm_reborn.SC2Mod\原始mod\Mods\XM\XMFinal.SC2Mod\Base.SC2Data\GameData\EffectData.xml	added_or_newer_duplicate
SOAPylonPower	CEffectSet	mods/starcoop/starcoop.sc2mod/base.sc2data/gamedata/effectdata.xml	D:\MyWork\新建文件夹\mom.report.client\src\MyMod\crys_the_swarm_reborn.SC2Mod\原始mod\Mods\XM\XMFinal.SC2Mod\Base.SC2Data\GameData\EffectData.xml	added_or_newer_duplicate
SOASummonFenixArbiterInitialSet	CEffectSet	mods/starcoop/starcoop.sc2mod/base.sc2data/gamedata/effectdata.xml	D:\MyWork\新建文件夹\mom.report.client\src\MyMod\crys_the_swarm_reborn.SC2Mod\原始mod\Mods\XM\XMFinal.SC2Mod\Base.SC2Data\GameData\EffectData.xml	added_or_newer_duplicate
SOASummonFenixDragoonInitialSet	CEffectSet	mods/starcoop/starcoop.sc2mod/base.sc2data/gamedata/effectdata.xml	D:\MyWork\新建文件夹\mom.report.client\src\MyMod\crys_the_swarm_reborn.SC2Mod\原始mod\Mods\XM\XMFinal.SC2Mod\Base.SC2Data\GameData\EffectData.xml	added_or_newer_duplicate
SOASummonFenixInitialSet	CEffectSet	mods/starcoop/starcoop.sc2mod/base.sc2data/gamedata/effectdata.xml	D:\MyWork\新建文件夹\mom.report.client\src\MyMod\crys_the_swarm_reborn.SC2Mod\原始mod\Mods\XM\XMFinal.SC2Mod\Base.SC2Data\GameData\EffectData.xml	added_or_newer_duplicate
SOASuperChronoMapWideSearch	CEffectEnumArea	mods/starcoop/starcoop.sc2mod/base.sc2data/gamedata/effectdata.xml	D:\MyWork\新建文件夹\mom.report.client\src\MyMod\crys_the_swarm_reborn.SC2Mod\原始mod\Mods\XM\XMFinal.SC2Mod\Base.SC2Data\GameData\EffectData.xml	added_or_newer_duplicate
SOAThermalLanceSet	CEffectSet	mods/starcoop/starcoop.sc2mod/base.sc2data/gamedata/effectdata.xml	D:\MyWork\新建文件夹\mom.report.client\src\MyMod\crys_the_swarm_reborn.SC2Mod\原始mod\Mods\XM\XMFinal.SC2Mod\Base.SC2Data\GameData\EffectData.xml	added_or_newer_duplicate
SummonHyperionCreateUnit	CEffectCreateUnit	mods/starcoop/starcoop.sc2mod/base.sc2data/gamedata/effectdata.xml	D:\MyWork\新建文件夹\mom.report.client\src\MyMod\crys_the_swarm_reborn.SC2Mod\原始mod\Mods\XM\XMFinal.SC2Mod\Base.SC2Data\GameData\EffectData.xml	added_or_newer_duplicate
Upgrade	CEffectModifyPlayer	mods/starcoop/starcoop.sc2mod/base.sc2data/gamedata/effectdata.xml	D:\MyWork\新建文件夹\mom.report.client\src\MyMod\crys_the_swarm_reborn.SC2Mod\原始mod\Mods\XM\XMFinal.SC2Mod\Base.SC2Data\GameData\EffectData.xml	added_or_newer_duplicate
WildMutation	CEffectApplyBehavior	mods/starcoop/starcoop.sc2mod/base.sc2data/gamedata/effectdata.xml	D:\MyWork\新建文件夹\mom.report.client\src\MyMod\crys_the_swarm_reborn.SC2Mod\原始mod\Mods\XM\XMFinal.SC2Mod\Base.SC2Data\GameData\EffectData.xml	added_or_newer_duplicate
AlarakStructureOvercharge	CModel	mods/starcoop/starcoop.sc2mod/base.sc2data/gamedata/modeldata.xml	D:\MyWork\新建文件夹\mom.report.client\src\MyMod\crys_the_swarm_reborn.SC2Mod\原始mod\Mods\XM\XMFinal.SC2Mod\Base.SC2Data\GameData\ModelData.xml	added_or_newer_duplicate
Banshee_BlackOps	CModel	mods/starcoop/starcoop.sc2mod/base.sc2data/gamedata/modeldata.xml	D:\MyWork\新建文件夹\mom.report.client\src\MyMod\crys_the_swarm_reborn.SC2Mod\原始mod\Mods\XM\XMFinal.SC2Mod\Base.SC2Data\GameData\ModelData.xml	added_or_newer_duplicate
BlackHoleNoTaldarim	CModel	mods/starcoop/starcoop.sc2mod/base.sc2data/gamedata/modeldata.xml	D:\MyWork\新建文件夹\mom.report.client\src\MyMod\crys_the_swarm_reborn.SC2Mod\原始mod\Mods\XM\XMFinal.SC2Mod\Base.SC2Data\GameData\ModelData.xml	added_or_newer_duplicate
SOA_PurifierBeam_Upgrade	CModel	mods/starcoop/starcoop.sc2mod/base.sc2data/gamedata/modeldata.xml	D:\MyWork\新建文件夹\mom.report.client\src\MyMod\crys_the_swarm_reborn.SC2Mod\原始mod\Mods\XM\XMFinal.SC2Mod\Base.SC2Data\GameData\ModelData.xml	added_or_newer_duplicate
SOAMapWideChrono	CModel	mods/starcoop/starcoop.sc2mod/base.sc2data/gamedata/modeldata.xml	D:\MyWork\新建文件夹\mom.report.client\src\MyMod\crys_the_swarm_reborn.SC2Mod\原始mod\Mods\XM\XMFinal.SC2Mod\Base.SC2Data\GameData\ModelData.xml	added_or_newer_duplicate
Prot	CRace	mods/starcoop/starcoop.sc2mod/base.sc2data/gamedata/racedata.xml	D:\MyWork\新建文件夹\mom.report.client\src\MyMod\crys_the_swarm_reborn.SC2Mod\原始mod\Mods\XM\XMFinal.SC2Mod\Base.SC2Data\GameData\RaceData.xml	added_or_newer_duplicate
Zerg	CRace	mods/starcoop/starcoop.sc2mod/base.sc2data/gamedata/racedata.xml	D:\MyWork\新建文件夹\mom.report.client\src\MyMod\crys_the_swarm_reborn.SC2Mod\原始mod\Mods\XM\XMFinal.SC2Mod\Base.SC2Data\GameData\RaceData.xml	added_or_newer_duplicate
AlarakLevel10	CRequirement	mods/starcoop/starcoop.sc2mod/base.sc2data/gamedata/requirementdata.xml	D:\MyWork\新建文件夹\mom.report.client\src\MyMod\crys_the_swarm_reborn.SC2Mod\原始mod\Mods\XM\XMFinal.SC2Mod\Base.SC2Data\GameData\RequirementData.xml	added_or_newer_duplicate
ArtanisLevel02	CRequirement	mods/starcoop/starcoop.sc2mod/base.sc2data/gamedata/requirementdata.xml	D:\MyWork\新建文件夹\mom.report.client\src\MyMod\crys_the_swarm_reborn.SC2Mod\原始mod\Mods\XM\XMFinal.SC2Mod\Base.SC2Data\GameData\RequirementData.xml	added_or_newer_duplicate
ArtanisLevel08	CRequirement	mods/starcoop/starcoop.sc2mod/base.sc2data/gamedata/requirementdata.xml	D:\MyWork\新建文件夹\mom.report.client\src\MyMod\crys_the_swarm_reborn.SC2Mod\原始mod\Mods\XM\XMFinal.SC2Mod\Base.SC2Data\GameData\RequirementData.xml	added_or_newer_duplicate
ArtanisLevel10	CRequirement	mods/starcoop/starcoop.sc2mod/base.sc2data/gamedata/requirementdata.xml	D:\MyWork\新建文件夹\mom.report.client\src\MyMod\crys_the_swarm_reborn.SC2Mod\原始mod\Mods\XM\XMFinal.SC2Mod\Base.SC2Data\GameData\RequirementData.xml	added_or_newer_duplicate
CommanderPrestigeAlarakDeathFleet	CRequirement	mods/starcoop/starcoop.sc2mod/base.sc2data/gamedata/requirementdata.xml	D:\MyWork\新建文件夹\mom.report.client\src\MyMod\crys_the_swarm_reborn.SC2Mod\原始mod\Mods\XM\XMFinal.SC2Mod\Base.SC2Data\GameData\RequirementData.xml	added_or_newer_duplicate
CommanderPrestigeAlarakEmpowerMe	CRequirement	mods/starcoop/starcoop.sc2mod/base.sc2data/gamedata/requirementdata.xml	D:\MyWork\新建文件夹\mom.report.client\src\MyMod\crys_the_swarm_reborn.SC2Mod\原始mod\Mods\XM\XMFinal.SC2Mod\Base.SC2Data\GameData\RequirementData.xml	added_or_newer_duplicate
CommanderPrestigeArtanisOrbitalStrikes	CRequirement	mods/starcoop/starcoop.sc2mod/base.sc2data/gamedata/requirementdata.xml	D:\MyWork\新建文件夹\mom.report.client\src\MyMod\crys_the_swarm_reborn.SC2Mod\原始mod\Mods\XM\XMFinal.SC2Mod\Base.SC2Data\GameData\RequirementData.xml	added_or_newer_duplicate
CommanderPrestigeFenixSuitSwap	CRequirement	mods/starcoop/starcoop.sc2mod/base.sc2data/gamedata/requirementdata.xml	D:\MyWork\新建文件夹\mom.report.client\src\MyMod\crys_the_swarm_reborn.SC2Mod\原始mod\Mods\XM\XMFinal.SC2Mod\Base.SC2Data\GameData\RequirementData.xml	added_or_newer_duplicate
CommanderPrestigeKaraxStructures	CRequirement	mods/starcoop/starcoop.sc2mod/base.sc2data/gamedata/requirementdata.xml	D:\MyWork\新建文件夹\mom.report.client\src\MyMod\crys_the_swarm_reborn.SC2Mod\原始mod\Mods\XM\XMFinal.SC2Mod\Base.SC2Data\GameData\RequirementData.xml	added_or_newer_duplicate
CommanderPrestigeKaraxTopBar	CRequirement	mods/starcoop/starcoop.sc2mod/base.sc2data/gamedata/requirementdata.xml	D:\MyWork\新建文件夹\mom.report.client\src\MyMod\crys_the_swarm_reborn.SC2Mod\原始mod\Mods\XM\XMFinal.SC2Mod\Base.SC2Data\GameData\RequirementData.xml	added_or_newer_duplicate
CommanderPrestigeKerriganAssimilationAura	CRequirement	mods/starcoop/starcoop.sc2mod/base.sc2data/gamedata/requirementdata.xml	D:\MyWork\新建文件夹\mom.report.client\src\MyMod\crys_the_swarm_reborn.SC2Mod\原始mod\Mods\XM\XMFinal.SC2Mod\Base.SC2Data\GameData\RequirementData.xml	added_or_newer_duplicate
CommanderPrestigeRaynorAir	CRequirement	mods/starcoop/starcoop.sc2mod/base.sc2data/gamedata/requirementdata.xml	D:\MyWork\新建文件夹\mom.report.client\src\MyMod\crys_the_swarm_reborn.SC2Mod\原始mod\Mods\XM\XMFinal.SC2Mod\Base.SC2Data\GameData\RequirementData.xml	added_or_newer_duplicate
CommanderPrestigeVorazunTimeStop	CRequirement	mods/starcoop/starcoop.sc2mod/base.sc2data/gamedata/requirementdata.xml	D:\MyWork\新建文件夹\mom.report.client\src\MyMod\crys_the_swarm_reborn.SC2Mod\原始mod\Mods\XM\XMFinal.SC2Mod\Base.SC2Data\GameData\RequirementData.xml	added_or_newer_duplicate
FenixLevel03	CRequirement	mods/starcoop/starcoop.sc2mod/base.sc2data/gamedata/requirementdata.xml	D:\MyWork\新建文件夹\mom.report.client\src\MyMod\crys_the_swarm_reborn.SC2Mod\原始mod\Mods\XM\XMFinal.SC2Mod\Base.SC2Data\GameData\RequirementData.xml	added_or_newer_duplicate
HaveAlarakImprovedOvercharge	CRequirement	mods/starcoop/starcoop.sc2mod/base.sc2data/gamedata/requirementdata.xml	D:\MyWork\新建文件夹\mom.report.client\src\MyMod\crys_the_swarm_reborn.SC2Mod\原始mod\Mods\XM\XMFinal.SC2Mod\Base.SC2Data\GameData\RequirementData.xml	added_or_newer_duplicate
HaveFenixArbiterSoAPassive	CRequirement	mods/starcoop/starcoop.sc2mod/base.sc2data/gamedata/requirementdata.xml	D:\MyWork\新建文件夹\mom.report.client\src\MyMod\crys_the_swarm_reborn.SC2Mod\原始mod\Mods\XM\XMFinal.SC2Mod\Base.SC2Data\GameData\RequirementData.xml	added_or_newer_duplicate
HaveFenixDragoonSoAPassive	CRequirement	mods/starcoop/starcoop.sc2mod/base.sc2data/gamedata/requirementdata.xml	D:\MyWork\新建文件夹\mom.report.client\src\MyMod\crys_the_swarm_reborn.SC2Mod\原始mod\Mods\XM\XMFinal.SC2Mod\Base.SC2Data\GameData\RequirementData.xml	added_or_newer_duplicate
HaveFenixSoAPassive	CRequirement	mods/starcoop/starcoop.sc2mod/base.sc2data/gamedata/requirementdata.xml	D:\MyWork\新建文件夹\mom.report.client\src\MyMod\crys_the_swarm_reborn.SC2Mod\原始mod\Mods\XM\XMFinal.SC2Mod\Base.SC2Data\GameData\RequirementData.xml	added_or_newer_duplicate
HaveK5ChainLightning	CRequirement	mods/starcoop/starcoop.sc2mod/base.sc2data/gamedata/requirementdata.xml	D:\MyWork\新建文件夹\mom.report.client\src\MyMod\crys_the_swarm_reborn.SC2Mod\原始mod\Mods\XM\XMFinal.SC2Mod\Base.SC2Data\GameData\RequirementData.xml	skipped_existing
HaveK5Cooldowns	CRequirement	mods/starcoop/starcoop.sc2mod/base.sc2data/gamedata/requirementdata.xml	D:\MyWork\新建文件夹\mom.report.client\src\MyMod\crys_the_swarm_reborn.SC2Mod\原始mod\Mods\XM\XMFinal.SC2Mod\Base.SC2Data\GameData\RequirementData.xml	skipped_existing
HaveKaraxSOAChronoPassive	CRequirement	mods/starcoop/starcoop.sc2mod/base.sc2data/gamedata/requirementdata.xml	D:\MyWork\新建文件夹\mom.report.client\src\MyMod\crys_the_swarm_reborn.SC2Mod\原始mod\Mods\XM\XMFinal.SC2Mod\Base.SC2Data\GameData\RequirementData.xml	added_or_newer_duplicate
HaveKerriganVoidCoopEnergyRegen	CRequirement	mods/starcoop/starcoop.sc2mod/base.sc2data/gamedata/requirementdata.xml	D:\MyWork\新建文件夹\mom.report.client\src\MyMod\crys_the_swarm_reborn.SC2Mod\原始mod\Mods\XM\XMFinal.SC2Mod\Base.SC2Data\GameData\RequirementData.xml	skipped_existing
HaveMasteryAlarakDeathfleetCooldown	CRequirement	mods/starcoop/starcoop.sc2mod/base.sc2data/gamedata/requirementdata.xml	D:\MyWork\新建文件夹\mom.report.client\src\MyMod\crys_the_swarm_reborn.SC2Mod\原始mod\Mods\XM\XMFinal.SC2Mod\Base.SC2Data\GameData\RequirementData.xml	added_or_newer_duplicate
HaveMasteryAlarakOverchargeShieldsDamage	CRequirement	mods/starcoop/starcoop.sc2mod/base.sc2data/gamedata/requirementdata.xml	D:\MyWork\新建文件夹\mom.report.client\src\MyMod\crys_the_swarm_reborn.SC2Mod\原始mod\Mods\XM\XMFinal.SC2Mod\Base.SC2Data\GameData\RequirementData.xml	added_or_newer_duplicate
HaveMasteryFenixSuitAttackSpeed	CRequirement	mods/starcoop/starcoop.sc2mod/base.sc2data/gamedata/requirementdata.xml	D:\MyWork\新建文件夹\mom.report.client\src\MyMod\crys_the_swarm_reborn.SC2Mod\原始mod\Mods\XM\XMFinal.SC2Mod\Base.SC2Data\GameData\RequirementData.xml	added_or_newer_duplicate
HaveMasteryFenixSuitEnergyRegen	CRequirement	mods/starcoop/starcoop.sc2mod/base.sc2data/gamedata/requirementdata.xml	D:\MyWork\新建文件夹\mom.report.client\src\MyMod\crys_the_swarm_reborn.SC2Mod\原始mod\Mods\XM\XMFinal.SC2Mod\Base.SC2Data\GameData\RequirementData.xml	added_or_newer_duplicate
HaveMasteryKerriganImmobilizationWaveDamage	CRequirement	mods/starcoop/starcoop.sc2mod/base.sc2data/gamedata/requirementdata.xml	D:\MyWork\新建文件夹\mom.report.client\src\MyMod\crys_the_swarm_reborn.SC2Mod\原始mod\Mods\XM\XMFinal.SC2Mod\Base.SC2Data\GameData\RequirementData.xml	added_or_newer_duplicate
HaveMasteryRaynorBansheeCooldown	CRequirement	mods/starcoop/starcoop.sc2mod/base.sc2data/gamedata/requirementdata.xml	D:\MyWork\新建文件夹\mom.report.client\src\MyMod\crys_the_swarm_reborn.SC2Mod\原始mod\Mods\XM\XMFinal.SC2Mod\Base.SC2Data\GameData\RequirementData.xml	added_or_newer_duplicate
HaveMasteryRaynorHyperionCooldown	CRequirement	mods/starcoop/starcoop.sc2mod/base.sc2data/gamedata/requirementdata.xml	D:\MyWork\新建文件夹\mom.report.client\src\MyMod\crys_the_swarm_reborn.SC2Mod\原始mod\Mods\XM\XMFinal.SC2Mod\Base.SC2Data\GameData\RequirementData.xml	added_or_newer_duplicate
HaveMasteryVorazunBlackHoleDuration	CRequirement	mods/starcoop/starcoop.sc2mod/base.sc2data/gamedata/requirementdata.xml	D:\MyWork\新建文件夹\mom.report.client\src\MyMod\crys_the_swarm_reborn.SC2Mod\原始mod\Mods\XM\XMFinal.SC2Mod\Base.SC2Data\GameData\RequirementData.xml	added_or_newer_duplicate
HaveMasteryVorazunDarkPylonCloakRadius	CRequirement	mods/starcoop/starcoop.sc2mod/base.sc2data/gamedata/requirementdata.xml	D:\MyWork\新建文件夹\mom.report.client\src\MyMod\crys_the_swarm_reborn.SC2Mod\原始mod\Mods\XM\XMFinal.SC2Mod\Base.SC2Data\GameData\RequirementData.xml	added_or_newer_duplicate
HaveMasteryVorazunShadowGuardDuration	CRequirement	mods/starcoop/starcoop.sc2mod/base.sc2data/gamedata/requirementdata.xml	D:\MyWork\新建文件夹\mom.report.client\src\MyMod\crys_the_swarm_reborn.SC2Mod\原始mod\Mods\XM\XMFinal.SC2Mod\Base.SC2Data\GameData\RequirementData.xml	added_or_newer_duplicate
HaveMasteryVorazunTimeStopHaste	CRequirement	mods/starcoop/starcoop.sc2mod/base.sc2data/gamedata/requirementdata.xml	D:\MyWork\新建文件夹\mom.report.client\src\MyMod\crys_the_swarm_reborn.SC2Mod\原始mod\Mods\XM\XMFinal.SC2Mod\Base.SC2Data\GameData\RequirementData.xml	added_or_newer_duplicate
HaveSOAMapWideChrono	CRequirement	mods/starcoop/starcoop.sc2mod/base.sc2data/gamedata/requirementdata.xml	D:\MyWork\新建文件夹\mom.report.client\src\MyMod\crys_the_swarm_reborn.SC2Mod\原始mod\Mods\XM\XMFinal.SC2Mod\Base.SC2Data\GameData\RequirementData.xml	added_or_newer_duplicate
HaveSOARecallonDeath	CRequirement	mods/starcoop/starcoop.sc2mod/base.sc2data/gamedata/requirementdata.xml	D:\MyWork\新建文件夹\mom.report.client\src\MyMod\crys_the_swarm_reborn.SC2Mod\原始mod\Mods\XM\XMFinal.SC2Mod\Base.SC2Data\GameData\RequirementData.xml	added_or_newer_duplicate
HaveVorazunCloakDamageBoost	CRequirement	mods/starcoop/starcoop.sc2mod/base.sc2data/gamedata/requirementdata.xml	D:\MyWork\新建文件夹\mom.report.client\src\MyMod\crys_the_swarm_reborn.SC2Mod\原始mod\Mods\XM\XMFinal.SC2Mod\Base.SC2Data\GameData\RequirementData.xml	added_or_newer_duplicate
KaraxLevel02	CRequirement	mods/starcoop/starcoop.sc2mod/base.sc2data/gamedata/requirementdata.xml	D:\MyWork\新建文件夹\mom.report.client\src\MyMod\crys_the_swarm_reborn.SC2Mod\原始mod\Mods\XM\XMFinal.SC2Mod\Base.SC2Data\GameData\RequirementData.xml	added_or_newer_duplicate
KaraxLevel07	CRequirement	mods/starcoop/starcoop.sc2mod/base.sc2data/gamedata/requirementdata.xml	D:\MyWork\新建文件夹\mom.report.client\src\MyMod\crys_the_swarm_reborn.SC2Mod\原始mod\Mods\XM\XMFinal.SC2Mod\Base.SC2Data\GameData\RequirementData.xml	added_or_newer_duplicate
KaraxLevel10	CRequirement	mods/starcoop/starcoop.sc2mod/base.sc2data/gamedata/requirementdata.xml	D:\MyWork\新建文件夹\mom.report.client\src\MyMod\crys_the_swarm_reborn.SC2Mod\原始mod\Mods\XM\XMFinal.SC2Mod\Base.SC2Data\GameData\RequirementData.xml	added_or_newer_duplicate
KerriganLevel02	CRequirement	mods/starcoop/starcoop.sc2mod/base.sc2data/gamedata/requirementdata.xml	D:\MyWork\新建文件夹\mom.report.client\src\MyMod\crys_the_swarm_reborn.SC2Mod\原始mod\Mods\XM\XMFinal.SC2Mod\Base.SC2Data\GameData\RequirementData.xml	added_or_newer_duplicate
KerriganLevel09	CRequirement	mods/starcoop/starcoop.sc2mod/base.sc2data/gamedata/requirementdata.xml	D:\MyWork\新建文件夹\mom.report.client\src\MyMod\crys_the_swarm_reborn.SC2Mod\原始mod\Mods\XM\XMFinal.SC2Mod\Base.SC2Data\GameData\RequirementData.xml	skipped_existing
KerriganLevel10	CRequirement	mods/starcoop/starcoop.sc2mod/base.sc2data/gamedata/requirementdata.xml	D:\MyWork\新建文件夹\mom.report.client\src\MyMod\crys_the_swarm_reborn.SC2Mod\原始mod\Mods\XM\XMFinal.SC2Mod\Base.SC2Data\GameData\RequirementData.xml	added_or_newer_duplicate
KerriganLevel15	CRequirement	mods/starcoop/starcoop.sc2mod/base.sc2data/gamedata/requirementdata.xml	D:\MyWork\新建文件夹\mom.report.client\src\MyMod\crys_the_swarm_reborn.SC2Mod\原始mod\Mods\XM\XMFinal.SC2Mod\Base.SC2Data\GameData\RequirementData.xml	added_or_newer_duplicate
NoAlarakMothership	CRequirement	mods/starcoop/starcoop.sc2mod/base.sc2data/gamedata/requirementdata.xml	D:\MyWork\新建文件夹\mom.report.client\src\MyMod\crys_the_swarm_reborn.SC2Mod\原始mod\Mods\XM\XMFinal.SC2Mod\Base.SC2Data\GameData\RequirementData.xml	added_or_newer_duplicate
RaynorLevel02	CRequirement	mods/starcoop/starcoop.sc2mod/base.sc2data/gamedata/requirementdata.xml	D:\MyWork\新建文件夹\mom.report.client\src\MyMod\crys_the_swarm_reborn.SC2Mod\原始mod\Mods\XM\XMFinal.SC2Mod\Base.SC2Data\GameData\RequirementData.xml	added_or_newer_duplicate
VorazunLevel10	CRequirement	mods/starcoop/starcoop.sc2mod/base.sc2data/gamedata/requirementdata.xml	D:\MyWork\新建文件夹\mom.report.client\src\MyMod\crys_the_swarm_reborn.SC2Mod\原始mod\Mods\XM\XMFinal.SC2Mod\Base.SC2Data\GameData\RequirementData.xml	added_or_newer_duplicate
VorazunLevel13	CRequirement	mods/starcoop/starcoop.sc2mod/base.sc2data/gamedata/requirementdata.xml	D:\MyWork\新建文件夹\mom.report.client\src\MyMod\crys_the_swarm_reborn.SC2Mod\原始mod\Mods\XM\XMFinal.SC2Mod\Base.SC2Data\GameData\RequirementData.xml	added_or_newer_duplicate
VorazunLevel15	CRequirement	mods/starcoop/starcoop.sc2mod/base.sc2data/gamedata/requirementdata.xml	D:\MyWork\新建文件夹\mom.report.client\src\MyMod\crys_the_swarm_reborn.SC2Mod\原始mod\Mods\XM\XMFinal.SC2Mod\Base.SC2Data\GameData\RequirementData.xml	added_or_newer_duplicate
CountUpgradeCommanderPrestigeVorazunTimeStopCompleteOnly	CRequirementCountUpgrade	mods/starcoop/starcoop.sc2mod/base.sc2data/gamedata/requirementnodedata.xml	D:\MyWork\新建文件夹\mom.report.client\src\MyMod\crys_the_swarm_reborn.SC2Mod\原始mod\Mods\XM\XMFinal.SC2Mod\Base.SC2Data\GameData\RequirementNodeData.xml	added_or_newer_duplicate
Not3804783965CountUnitSOAMothershipv4QueuedOrBetter	CRequirementNot	mods/starcoop/starcoop.sc2mod/base.sc2data/gamedata/requirementnodedata.xml	D:\MyWork\新建文件夹\mom.report.client\src\MyMod\crys_the_swarm_reborn.SC2Mod\原始mod\Mods\XM\XMFinal.SC2Mod\Base.SC2Data\GameData\RequirementNodeData.xml	added_or_newer_duplicate
KerriganVoid_Pissed	CSound	mods/starcoop/starcoop.sc2mod/base.sc2data/gamedata/sounddata.xml	D:\MyWork\新建文件夹\mom.report.client\src\MyMod\crys_the_swarm_reborn.SC2Mod\原始mod\Mods\XM\XMFinal.SC2Mod\Base.SC2Data\GameData\SoundData.xml	added_or_newer_duplicate
Banshee_BlackOps	CUnit	mods/starcoop/starcoop.sc2mod/base.sc2data/gamedata/unitdata.xml	D:\MyWork\新建文件夹\mom.report.client\src\MyMod\crys_the_swarm_reborn.SC2Mod\原始mod\Mods\XM\XMFinal.SC2Mod\Base.SC2Data\GameData\UnitData.xml	added_or_newer_duplicate
BansheeAirstrikePlaceholder	CUnit	mods/starcoop/starcoop.sc2mod/base.sc2data/gamedata/unitdata.xml	D:\MyWork\新建文件夹\mom.report.client\src\MyMod\crys_the_swarm_reborn.SC2Mod\原始mod\Mods\XM\XMFinal.SC2Mod\Base.SC2Data\GameData\UnitData.xml	added_or_newer_duplicate
CoopCasterAlarak	CUnit	mods/starcoop/starcoop.sc2mod/base.sc2data/gamedata/unitdata.xml	D:\MyWork\新建文件夹\mom.report.client\src\MyMod\crys_the_swarm_reborn.SC2Mod\原始mod\Mods\XM\XMFinal.SC2Mod\Base.SC2Data\GameData\UnitData.xml	added_or_newer_duplicate
CoopCasterRaynor	CUnit	mods/starcoop/starcoop.sc2mod/base.sc2data/gamedata/unitdata.xml	D:\MyWork\新建文件夹\mom.report.client\src\MyMod\crys_the_swarm_reborn.SC2Mod\原始mod\Mods\XM\XMFinal.SC2Mod\Base.SC2Data\GameData\UnitData.xml	added_or_newer_duplicate
DarkPylon	CUnit	mods/starcoop/starcoop.sc2mod/base.sc2data/gamedata/unitdata.xml	D:\MyWork\新建文件夹\mom.report.client\src\MyMod\crys_the_swarm_reborn.SC2Mod\原始mod\Mods\XM\XMFinal.SC2Mod\Base.SC2Data\GameData\UnitData.xml	skipped_existing
K5Kerrigan	CUnit	mods/starcoop/starcoop.sc2mod/base.sc2data/gamedata/unitdata.xml	D:\MyWork\新建文件夹\mom.report.client\src\MyMod\crys_the_swarm_reborn.SC2Mod\原始mod\Mods\XM\XMFinal.SC2Mod\Base.SC2Data\GameData\UnitData.xml	skipped_existing
SoACaster	CUnit	mods/starcoop/starcoop.sc2mod/base.sc2data/gamedata/unitdata.xml	D:\MyWork\新建文件夹\mom.report.client\src\MyMod\crys_the_swarm_reborn.SC2Mod\原始mod\Mods\XM\XMFinal.SC2Mod\Base.SC2Data\GameData\UnitData.xml	added_or_newer_duplicate
SoACasterArtanis	CUnit	mods/starcoop/starcoop.sc2mod/base.sc2data/gamedata/unitdata.xml	D:\MyWork\新建文件夹\mom.report.client\src\MyMod\crys_the_swarm_reborn.SC2Mod\原始mod\Mods\XM\XMFinal.SC2Mod\Base.SC2Data\GameData\UnitData.xml	added_or_newer_duplicate
SoACasterFenix	CUnit	mods/starcoop/starcoop.sc2mod/base.sc2data/gamedata/unitdata.xml	D:\MyWork\新建文件夹\mom.report.client\src\MyMod\crys_the_swarm_reborn.SC2Mod\原始mod\Mods\XM\XMFinal.SC2Mod\Base.SC2Data\GameData\UnitData.xml	added_or_newer_duplicate
SoACasterKarax	CUnit	mods/starcoop/starcoop.sc2mod/base.sc2data/gamedata/unitdata.xml	D:\MyWork\新建文件夹\mom.report.client\src\MyMod\crys_the_swarm_reborn.SC2Mod\原始mod\Mods\XM\XMFinal.SC2Mod\Base.SC2Data\GameData\UnitData.xml	added_or_newer_duplicate
SoACasterVorazun	CUnit	mods/starcoop/starcoop.sc2mod/base.sc2data/gamedata/unitdata.xml	D:\MyWork\新建文件夹\mom.report.client\src\MyMod\crys_the_swarm_reborn.SC2Mod\原始mod\Mods\XM\XMFinal.SC2Mod\Base.SC2Data\GameData\UnitData.xml	added_or_newer_duplicate
SOAMothershipv4	CUnit	mods/starcoop/starcoop.sc2mod/base.sc2data/gamedata/unitdata.xml	D:\MyWork\新建文件夹\mom.report.client\src\MyMod\crys_the_swarm_reborn.SC2Mod\原始mod\Mods\XM\XMFinal.SC2Mod\Base.SC2Data\GameData\UnitData.xml	added_or_newer_duplicate
BansheeAirstrike	CUpgrade	mods/starcoop/starcoop.sc2mod/base.sc2data/gamedata/upgradedata.xml	D:\MyWork\新建文件夹\mom.report.client\src\MyMod\crys_the_swarm_reborn.SC2Mod\原始mod\Mods\XM\XMFinal.SC2Mod\Base.SC2Data\GameData\UpgradeData.xml	added_or_newer_duplicate
Charge	CUpgrade	mods/starcoop/starcoop.sc2mod/base.sc2data/gamedata/upgradedata.xml	D:\MyWork\新建文件夹\mom.report.client\src\MyMod\crys_the_swarm_reborn.SC2Mod\原始mod\Mods\XM\XMFinal.SC2Mod\Base.SC2Data\GameData\UpgradeData.xml	added_or_newer_duplicate
CommanderPrestige	CUpgrade	mods/starcoop/starcoop.sc2mod/base.sc2data/gamedata/upgradedata.xml	D:\MyWork\新建文件夹\mom.report.client\src\MyMod\crys_the_swarm_reborn.SC2Mod\原始mod\Mods\XM\XMFinal.SC2Mod\Base.SC2Data\GameData\UpgradeData.xml	added_or_newer_duplicate
CommanderPrestigeAlarakDeathFleet	CUpgrade	mods/starcoop/starcoop.sc2mod/base.sc2data/gamedata/upgradedata.xml	D:\MyWork\新建文件夹\mom.report.client\src\MyMod\crys_the_swarm_reborn.SC2Mod\原始mod\Mods\XM\XMFinal.SC2Mod\Base.SC2Data\GameData\UpgradeData.xml	added_or_newer_duplicate
CommanderPrestigeAlarakEmpowerMe	CUpgrade	mods/starcoop/starcoop.sc2mod/base.sc2data/gamedata/upgradedata.xml	D:\MyWork\新建文件夹\mom.report.client\src\MyMod\crys_the_swarm_reborn.SC2Mod\原始mod\Mods\XM\XMFinal.SC2Mod\Base.SC2Data\GameData\UpgradeData.xml	added_or_newer_duplicate
CommanderPrestigeArtanisOrbitalStrikes	CUpgrade	mods/starcoop/starcoop.sc2mod/base.sc2data/gamedata/upgradedata.xml	D:\MyWork\新建文件夹\mom.report.client\src\MyMod\crys_the_swarm_reborn.SC2Mod\原始mod\Mods\XM\XMFinal.SC2Mod\Base.SC2Data\GameData\UpgradeData.xml	added_or_newer_duplicate
CommanderPrestigeFenixSuitSwap	CUpgrade	mods/starcoop/starcoop.sc2mod/base.sc2data/gamedata/upgradedata.xml	D:\MyWork\新建文件夹\mom.report.client\src\MyMod\crys_the_swarm_reborn.SC2Mod\原始mod\Mods\XM\XMFinal.SC2Mod\Base.SC2Data\GameData\UpgradeData.xml	added_or_newer_duplicate
CommanderPrestigeKaraxStructures	CUpgrade	mods/starcoop/starcoop.sc2mod/base.sc2data/gamedata/upgradedata.xml	D:\MyWork\新建文件夹\mom.report.client\src\MyMod\crys_the_swarm_reborn.SC2Mod\原始mod\Mods\XM\XMFinal.SC2Mod\Base.SC2Data\GameData\UpgradeData.xml	added_or_newer_duplicate
CommanderPrestigeKaraxTopBar	CUpgrade	mods/starcoop/starcoop.sc2mod/base.sc2data/gamedata/upgradedata.xml	D:\MyWork\新建文件夹\mom.report.client\src\MyMod\crys_the_swarm_reborn.SC2Mod\原始mod\Mods\XM\XMFinal.SC2Mod\Base.SC2Data\GameData\UpgradeData.xml	added_or_newer_duplicate
CommanderPrestigeKerriganAssimilationAura	CUpgrade	mods/starcoop/starcoop.sc2mod/base.sc2data/gamedata/upgradedata.xml	D:\MyWork\新建文件夹\mom.report.client\src\MyMod\crys_the_swarm_reborn.SC2Mod\原始mod\Mods\XM\XMFinal.SC2Mod\Base.SC2Data\GameData\UpgradeData.xml	added_or_newer_duplicate
CommanderPrestigeRaynorAir	CUpgrade	mods/starcoop/starcoop.sc2mod/base.sc2data/gamedata/upgradedata.xml	D:\MyWork\新建文件夹\mom.report.client\src\MyMod\crys_the_swarm_reborn.SC2Mod\原始mod\Mods\XM\XMFinal.SC2Mod\Base.SC2Data\GameData\UpgradeData.xml	added_or_newer_duplicate
CommanderPrestigeVorazunTimeStop	CUpgrade	mods/starcoop/starcoop.sc2mod/base.sc2data/gamedata/upgradedata.xml	D:\MyWork\新建文件夹\mom.report.client\src\MyMod\crys_the_swarm_reborn.SC2Mod\原始mod\Mods\XM\XMFinal.SC2Mod\Base.SC2Data\GameData\UpgradeData.xml	added_or_newer_duplicate
K5Cooldowns	CUpgrade	mods/starcoop/starcoop.sc2mod/base.sc2data/gamedata/upgradedata.xml	D:\MyWork\新建文件夹\mom.report.client\src\MyMod\crys_the_swarm_reborn.SC2Mod\原始mod\Mods\XM\XMFinal.SC2Mod\Base.SC2Data\GameData\UpgradeData.xml	added_or_newer_duplicate
K5Fury	CUpgrade	mods/starcoop/starcoop.sc2mod/base.sc2data/gamedata/upgradedata.xml	D:\MyWork\新建文件夹\mom.report.client\src\MyMod\crys_the_swarm_reborn.SC2Mod\原始mod\Mods\XM\XMFinal.SC2Mod\Base.SC2Data\GameData\UpgradeData.xml	added_or_newer_duplicate
KerriganInfestedCosmetic	CUpgrade	mods/starcoop/starcoop.sc2mod/base.sc2data/gamedata/upgradedata.xml	D:\MyWork\新建文件夹\mom.report.client\src\MyMod\crys_the_swarm_reborn.SC2Mod\原始mod\Mods\XM\XMFinal.SC2Mod\Base.SC2Data\GameData\UpgradeData.xml	added_or_newer_duplicate
SOAHeroicShield	CUpgrade	mods/starcoop/starcoop.sc2mod/base.sc2data/gamedata/upgradedata.xml	D:\MyWork\新建文件夹\mom.report.client\src\MyMod\crys_the_swarm_reborn.SC2Mod\原始mod\Mods\XM\XMFinal.SC2Mod\Base.SC2Data\GameData\UpgradeData.xml	added_or_newer_duplicate
SOAMapWideChrono	CUpgrade	mods/starcoop/starcoop.sc2mod/base.sc2data/gamedata/upgradedata.xml	D:\MyWork\新建文件夹\mom.report.client\src\MyMod\crys_the_swarm_reborn.SC2Mod\原始mod\Mods\XM\XMFinal.SC2Mod\Base.SC2Data\GameData\UpgradeData.xml	added_or_newer_duplicate
SOAOrbitalStrike	CUpgrade	mods/starcoop/starcoop.sc2mod/base.sc2data/gamedata/upgradedata.xml	D:\MyWork\新建文件夹\mom.report.client\src\MyMod\crys_the_swarm_reborn.SC2Mod\原始mod\Mods\XM\XMFinal.SC2Mod\Base.SC2Data\GameData\UpgradeData.xml	added_or_newer_duplicate
SOAPurifierBeam	CUpgrade	mods/starcoop/starcoop.sc2mod/base.sc2data/gamedata/upgradedata.xml	D:\MyWork\新建文件夹\mom.report.client\src\MyMod\crys_the_swarm_reborn.SC2Mod\原始mod\Mods\XM\XMFinal.SC2Mod\Base.SC2Data\GameData\UpgradeData.xml	added_or_newer_duplicate
SOAPylonPower	CUpgrade	mods/starcoop/starcoop.sc2mod/base.sc2data/gamedata/upgradedata.xml	D:\MyWork\新建文件夹\mom.report.client\src\MyMod\crys_the_swarm_reborn.SC2Mod\原始mod\Mods\XM\XMFinal.SC2Mod\Base.SC2Data\GameData\UpgradeData.xml	added_or_newer_duplicate
SOARepairBeam	CUpgrade	mods/starcoop/starcoop.sc2mod/base.sc2data/gamedata/upgradedata.xml	D:\MyWork\新建文件夹\mom.report.client\src\MyMod\crys_the_swarm_reborn.SC2Mod\原始mod\Mods\XM\XMFinal.SC2Mod\Base.SC2Data\GameData\UpgradeData.xml	added_or_newer_duplicate
SOAStrafeAttack	CUpgrade	mods/starcoop/starcoop.sc2mod/base.sc2data/gamedata/upgradedata.xml	D:\MyWork\新建文件夹\mom.report.client\src\MyMod\crys_the_swarm_reborn.SC2Mod\原始mod\Mods\XM\XMFinal.SC2Mod\Base.SC2Data\GameData\UpgradeData.xml	added_or_newer_duplicate
SOASuperShield	CUpgrade	mods/starcoop/starcoop.sc2mod/base.sc2data/gamedata/upgradedata.xml	D:\MyWork\新建文件夹\mom.report.client\src\MyMod\crys_the_swarm_reborn.SC2Mod\原始mod\Mods\XM\XMFinal.SC2Mod\Base.SC2Data\GameData\UpgradeData.xml	added_or_newer_duplicate
SOAThermalLance	CUpgrade	mods/starcoop/starcoop.sc2mod/base.sc2data/gamedata/upgradedata.xml	D:\MyWork\新建文件夹\mom.report.client\src\MyMod\crys_the_swarm_reborn.SC2Mod\原始mod\Mods\XM\XMFinal.SC2Mod\Base.SC2Data\GameData\UpgradeData.xml	added_or_newer_duplicate
SOATimeFreeze	CUpgrade	mods/starcoop/starcoop.sc2mod/base.sc2data/gamedata/upgradedata.xml	D:\MyWork\新建文件夹\mom.report.client\src\MyMod\crys_the_swarm_reborn.SC2Mod\原始mod\Mods\XM\XMFinal.SC2Mod\Base.SC2Data\GameData\UpgradeData.xml	added_or_newer_duplicate
SOAWarpTech	CUpgrade	mods/starcoop/starcoop.sc2mod/base.sc2data/gamedata/upgradedata.xml	D:\MyWork\新建文件夹\mom.report.client\src\MyMod\crys_the_swarm_reborn.SC2Mod\原始mod\Mods\XM\XMFinal.SC2Mod\Base.SC2Data\GameData\UpgradeData.xml	added_or_newer_duplicate
CommanderPrestigeAlarakDeathFleet	CValidatorPlayerRequirement	mods/starcoop/starcoop.sc2mod/base.sc2data/gamedata/validatordata.xml	D:\MyWork\新建文件夹\mom.report.client\src\MyMod\crys_the_swarm_reborn.SC2Mod\原始mod\Mods\XM\XMFinal.SC2Mod\Base.SC2Data\GameData\ValidatorData.xml	added_or_newer_duplicate
CommanderPrestigeAlarakEmpowerMe	CValidatorPlayerRequirement	mods/starcoop/starcoop.sc2mod/base.sc2data/gamedata/validatordata.xml	D:\MyWork\新建文件夹\mom.report.client\src\MyMod\crys_the_swarm_reborn.SC2Mod\原始mod\Mods\XM\XMFinal.SC2Mod\Base.SC2Data\GameData\ValidatorData.xml	added_or_newer_duplicate
CommanderPrestigeArtanisOrbitalStrikes	CValidatorPlayerRequirement	mods/starcoop/starcoop.sc2mod/base.sc2data/gamedata/validatordata.xml	D:\MyWork\新建文件夹\mom.report.client\src\MyMod\crys_the_swarm_reborn.SC2Mod\原始mod\Mods\XM\XMFinal.SC2Mod\Base.SC2Data\GameData\ValidatorData.xml	added_or_newer_duplicate
CommanderPrestigeFenixSuitSwap	CValidatorPlayerRequirement	mods/starcoop/starcoop.sc2mod/base.sc2data/gamedata/validatordata.xml	D:\MyWork\新建文件夹\mom.report.client\src\MyMod\crys_the_swarm_reborn.SC2Mod\原始mod\Mods\XM\XMFinal.SC2Mod\Base.SC2Data\GameData\ValidatorData.xml	added_or_newer_duplicate
CommanderPrestigeKaraxStructures	CValidatorPlayerRequirement	mods/starcoop/starcoop.sc2mod/base.sc2data/gamedata/validatordata.xml	D:\MyWork\新建文件夹\mom.report.client\src\MyMod\crys_the_swarm_reborn.SC2Mod\原始mod\Mods\XM\XMFinal.SC2Mod\Base.SC2Data\GameData\ValidatorData.xml	added_or_newer_duplicate
CommanderPrestigeKerriganAssimilationAura	CValidatorPlayerRequirement	mods/starcoop/starcoop.sc2mod/base.sc2data/gamedata/validatordata.xml	D:\MyWork\新建文件夹\mom.report.client\src\MyMod\crys_the_swarm_reborn.SC2Mod\原始mod\Mods\XM\XMFinal.SC2Mod\Base.SC2Data\GameData\ValidatorData.xml	added_or_newer_duplicate
CommanderPrestigeRaynorAir	CValidatorPlayerRequirement	mods/starcoop/starcoop.sc2mod/base.sc2data/gamedata/validatordata.xml	D:\MyWork\新建文件夹\mom.report.client\src\MyMod\crys_the_swarm_reborn.SC2Mod\原始mod\Mods\XM\XMFinal.SC2Mod\Base.SC2Data\GameData\ValidatorData.xml	added_or_newer_duplicate
CommanderPrestigeVorazunTimeStop	CValidatorPlayerRequirement	mods/starcoop/starcoop.sc2mod/base.sc2data/gamedata/validatordata.xml	D:\MyWork\新建文件夹\mom.report.client\src\MyMod\crys_the_swarm_reborn.SC2Mod\原始mod\Mods\XM\XMFinal.SC2Mod\Base.SC2Data\GameData\ValidatorData.xml	added_or_newer_duplicate
HaveAlarakImprovedOvercharge	CValidatorPlayerRequirement	mods/starcoop/starcoop.sc2mod/base.sc2data/gamedata/validatordata.xml	D:\MyWork\新建文件夹\mom.report.client\src\MyMod\crys_the_swarm_reborn.SC2Mod\原始mod\Mods\XM\XMFinal.SC2Mod\Base.SC2Data\GameData\ValidatorData.xml	added_or_newer_duplicate
HaveCoopPurifierBeamUpgrade	CValidatorPlayerRequirement	mods/starcoop/starcoop.sc2mod/base.sc2data/gamedata/validatordata.xml	D:\MyWork\新建文件夹\mom.report.client\src\MyMod\crys_the_swarm_reborn.SC2Mod\原始mod\Mods\XM\XMFinal.SC2Mod\Base.SC2Data\GameData\ValidatorData.xml	added_or_newer_duplicate
HaveKerriganVoidCoopEnergyRegen	CValidatorPlayerRequirement	mods/starcoop/starcoop.sc2mod/base.sc2data/gamedata/validatordata.xml	D:\MyWork\新建文件夹\mom.report.client\src\MyMod\crys_the_swarm_reborn.SC2Mod\原始mod\Mods\XM\XMFinal.SC2Mod\Base.SC2Data\GameData\ValidatorData.xml	added_or_newer_duplicate
HaveMasteryAlarakDeathfleetCooldown	CValidatorPlayerRequirement	mods/starcoop/starcoop.sc2mod/base.sc2data/gamedata/validatordata.xml	D:\MyWork\新建文件夹\mom.report.client\src\MyMod\crys_the_swarm_reborn.SC2Mod\原始mod\Mods\XM\XMFinal.SC2Mod\Base.SC2Data\GameData\ValidatorData.xml	added_or_newer_duplicate
HaveMasteryAlarakOverchargeShieldsDamage	CValidatorPlayerRequirement	mods/starcoop/starcoop.sc2mod/base.sc2data/gamedata/validatordata.xml	D:\MyWork\新建文件夹\mom.report.client\src\MyMod\crys_the_swarm_reborn.SC2Mod\原始mod\Mods\XM\XMFinal.SC2Mod\Base.SC2Data\GameData\ValidatorData.xml	added_or_newer_duplicate
HaveMasteryFenixSuitAttackSpeed	CValidatorPlayerRequirement	mods/starcoop/starcoop.sc2mod/base.sc2data/gamedata/validatordata.xml	D:\MyWork\新建文件夹\mom.report.client\src\MyMod\crys_the_swarm_reborn.SC2Mod\原始mod\Mods\XM\XMFinal.SC2Mod\Base.SC2Data\GameData\ValidatorData.xml	added_or_newer_duplicate
HaveMasteryFenixSuitEnergyRegen	CValidatorPlayerRequirement	mods/starcoop/starcoop.sc2mod/base.sc2data/gamedata/validatordata.xml	D:\MyWork\新建文件夹\mom.report.client\src\MyMod\crys_the_swarm_reborn.SC2Mod\原始mod\Mods\XM\XMFinal.SC2Mod\Base.SC2Data\GameData\ValidatorData.xml	added_or_newer_duplicate
HaveMasteryKaraxSOARegenDuringSuperChrono	CValidatorPlayerRequirement	mods/starcoop/starcoop.sc2mod/base.sc2data/gamedata/validatordata.xml	D:\MyWork\新建文件夹\mom.report.client\src\MyMod\crys_the_swarm_reborn.SC2Mod\原始mod\Mods\XM\XMFinal.SC2Mod\Base.SC2Data\GameData\ValidatorData.xml	added_or_newer_duplicate
HaveMasteryKerriganAssimilationAuraDuration	CValidatorPlayerRequirement	mods/starcoop/starcoop.sc2mod/base.sc2data/gamedata/validatordata.xml	D:\MyWork\新建文件夹\mom.report.client\src\MyMod\crys_the_swarm_reborn.SC2Mod\原始mod\Mods\XM\XMFinal.SC2Mod\Base.SC2Data\GameData\ValidatorData.xml	added_or_newer_duplicate
HaveMasteryKerriganImmobilizationWaveDamage	CValidatorPlayerRequirement	mods/starcoop/starcoop.sc2mod/base.sc2data/gamedata/validatordata.xml	D:\MyWork\新建文件夹\mom.report.client\src\MyMod\crys_the_swarm_reborn.SC2Mod\原始mod\Mods\XM\XMFinal.SC2Mod\Base.SC2Data\GameData\ValidatorData.xml	added_or_newer_duplicate
HaveMasteryRaynorBansheeCooldown	CValidatorPlayerRequirement	mods/starcoop/starcoop.sc2mod/base.sc2data/gamedata/validatordata.xml	D:\MyWork\新建文件夹\mom.report.client\src\MyMod\crys_the_swarm_reborn.SC2Mod\原始mod\Mods\XM\XMFinal.SC2Mod\Base.SC2Data\GameData\ValidatorData.xml	added_or_newer_duplicate
HaveMasteryRaynorHyperionCooldown	CValidatorPlayerRequirement	mods/starcoop/starcoop.sc2mod/base.sc2data/gamedata/validatordata.xml	D:\MyWork\新建文件夹\mom.report.client\src\MyMod\crys_the_swarm_reborn.SC2Mod\原始mod\Mods\XM\XMFinal.SC2Mod\Base.SC2Data\GameData\ValidatorData.xml	added_or_newer_duplicate
HaveMasteryVorazunBlackHoleDuration	CValidatorPlayerRequirement	mods/starcoop/starcoop.sc2mod/base.sc2data/gamedata/validatordata.xml	D:\MyWork\新建文件夹\mom.report.client\src\MyMod\crys_the_swarm_reborn.SC2Mod\原始mod\Mods\XM\XMFinal.SC2Mod\Base.SC2Data\GameData\ValidatorData.xml	added_or_newer_duplicate
HaveMasteryVorazunDarkPylonCloakRadius	CValidatorPlayerRequirement	mods/starcoop/starcoop.sc2mod/base.sc2data/gamedata/validatordata.xml	D:\MyWork\新建文件夹\mom.report.client\src\MyMod\crys_the_swarm_reborn.SC2Mod\原始mod\Mods\XM\XMFinal.SC2Mod\Base.SC2Data\GameData\ValidatorData.xml	added_or_newer_duplicate
HaveMasteryVorazunShadowGuardDuration	CValidatorPlayerRequirement	mods/starcoop/starcoop.sc2mod/base.sc2data/gamedata/validatordata.xml	D:\MyWork\新建文件夹\mom.report.client\src\MyMod\crys_the_swarm_reborn.SC2Mod\原始mod\Mods\XM\XMFinal.SC2Mod\Base.SC2Data\GameData\ValidatorData.xml	added_or_newer_duplicate
HaveMasteryVorazunTimeStopHaste	CValidatorPlayerRequirement	mods/starcoop/starcoop.sc2mod/base.sc2data/gamedata/validatordata.xml	D:\MyWork\新建文件夹\mom.report.client\src\MyMod\crys_the_swarm_reborn.SC2Mod\原始mod\Mods\XM\XMFinal.SC2Mod\Base.SC2Data\GameData\ValidatorData.xml	added_or_newer_duplicate
HaveSOARecallonDeath	CValidatorPlayerRequirement	mods/starcoop/starcoop.sc2mod/base.sc2data/gamedata/validatordata.xml	D:\MyWork\新建文件夹\mom.report.client\src\MyMod\crys_the_swarm_reborn.SC2Mod\原始mod\Mods\XM\XMFinal.SC2Mod\Base.SC2Data\GameData\ValidatorData.xml	added_or_newer_duplicate
HaveVorazunCloakDamageBoost	CValidatorPlayerRequirement	mods/starcoop/starcoop.sc2mod/base.sc2data/gamedata/validatordata.xml	D:\MyWork\新建文件夹\mom.report.client\src\MyMod\crys_the_swarm_reborn.SC2Mod\原始mod\Mods\XM\XMFinal.SC2Mod\Base.SC2Data\GameData\ValidatorData.xml	added_or_newer_duplicate
IsCommandStructure	CValidatorCombine	mods/starcoop/starcoop.sc2mod/base.sc2data/gamedata/validatordata.xml	D:\MyWork\新建文件夹\mom.report.client\src\MyMod\crys_the_swarm_reborn.SC2Mod\原始mod\Mods\XM\XMFinal.SC2Mod\Base.SC2Data\GameData\ValidatorData.xml	added_or_newer_duplicate
IsNotDehakaBarracksUprooted	CValidatorUnitType	mods/starcoop/starcoop.sc2mod/base.sc2data/gamedata/validatordata.xml	D:\MyWork\新建文件夹\mom.report.client\src\MyMod\crys_the_swarm_reborn.SC2Mod\原始mod\Mods\XM\XMFinal.SC2Mod\Base.SC2Data\GameData\ValidatorData.xml	added_or_newer_duplicate
IsNotDehakaHatcheryUprooted	CValidatorUnitType	mods/starcoop/starcoop.sc2mod/base.sc2data/gamedata/validatordata.xml	D:\MyWork\新建文件夹\mom.report.client\src\MyMod\crys_the_swarm_reborn.SC2Mod\原始mod\Mods\XM\XMFinal.SC2Mod\Base.SC2Data\GameData\ValidatorData.xml	added_or_newer_duplicate
IsStructureorWarpPrismPhasing	CValidatorCombine	mods/starcoop/starcoop.sc2mod/base.sc2data/gamedata/validatordata.xml	D:\MyWork\新建文件夹\mom.report.client\src\MyMod\crys_the_swarm_reborn.SC2Mod\原始mod\Mods\XM\XMFinal.SC2Mod\Base.SC2Data\GameData\ValidatorData.xml	added_or_newer_duplicate
NotOverseer	CValidatorUnitType	mods/starcoop/starcoop.sc2mod/base.sc2data/gamedata/validatordata.xml	D:\MyWork\新建文件夹\mom.report.client\src\MyMod\crys_the_swarm_reborn.SC2Mod\原始mod\Mods\XM\XMFinal.SC2Mod\Base.SC2Data\GameData\ValidatorData.xml	added_or_newer_duplicate
AlarakStructureOvercharge	CWeaponLegacy	mods/starcoop/starcoop.sc2mod/base.sc2data/gamedata/weapondata.xml	D:\MyWork\新建文件夹\mom.report.client\src\MyMod\crys_the_swarm_reborn.SC2Mod\原始mod\Mods\XM\XMFinal.SC2Mod\Base.SC2Data\GameData\WeaponData.xml	added_or_newer_duplicate
Banshee_BlackOps	CWeaponLegacy	mods/starcoop/starcoop.sc2mod/base.sc2data/gamedata/weapondata.xml	D:\MyWork\新建文件夹\mom.report.client\src\MyMod\crys_the_swarm_reborn.SC2Mod\原始mod\Mods\XM\XMFinal.SC2Mod\Base.SC2Data\GameData\WeaponData.xml	added_or_newer_duplicate
