指挥官	类型	来源单位	当前CUnit	状态	缺运行时attack	缺运行时武器	缺命令卡接线	本地技能	本地武器	运行时技能	运行时武器	官方命令卡技能
阿巴瑟	单位/英雄	GuardianMP	GuardianMP	ok_effective_combat_link	否	否	无	EvolveToLeviathanGuardianMP, que1	无	attack, move, stop, EvolveToLeviathanGuardianMP, que1	GuardianMPWeapon	无
阿巴瑟	单位/英雄	DevourerMP	DevourerMP	ok_effective_combat_link	否	否	无	无	无	stop, attack, move	DevourerMPWeapon	无
阿巴瑟	单位/英雄	Mutalisk	Mutalisk	ok_effective_combat_link	否	否	无	MutaliskMorphToGuardian, MutaliskMorphToDevourer, que1, EvolveToLeviathanMutalisk, StukovInfestedWildMutation	无	stop, attack, move, MutaliskMorphToGuardian, MutaliskMorphToDevourer, que1, EvolveToLeviathanMutalisk, StukovInfestedWildMutation	GlaiveWurm	斯托科夫 感染体 野性突变(StukovInfestedWildMutation), MorphtoDevourer(MutaliskMorphToDevourer)
阿巴瑟	单位/英雄	Roach	Roach	ok_effective_combat_link	否	否	无	que1, MorphRoachToRavager, EvolveToBrutaliskRoach, AbathurDeepTunnelImproved	无	stop, attack, move, BurrowRoachDown, MorphToRavager, que1, MorphRoachToRavager, EvolveToBrutaliskRoach, AbathurDeepTunnelImproved	RoachMelee, AcidSaliva	变异为破坏者(MorphRoachToRavager), 出地(BurrowUltraliskUp)
阿巴瑟	单位/英雄	SwarmHost	SwarmHost	ok_effective_combat_link	否	否	无	AbathurDeepTunnel, AbathurDeepTunnelImproved, LocustLaunch, EvolveToBrutaliskSwarmHost, que1	SwarmHostFakeWeapon	attack, stop, move, MorphToSwarmHostRooted, MorphToSwarmHostBurrowed, AbathurDeepTunnel, AbathurDeepTunnelImproved, LocustLaunch, EvolveToBrutaliskSwarmHost, que1	LocustLaunch, LocustLaunchPressurizedGlands, SwarmHostFakeWeapon	LocustLaunch(LocustLaunch), 深槽虫道(AbathurDeepTunnel), SwarmHostRootBurrow(MorphToSwarmHostBurrowed)
阿巴瑟	单位/英雄	SwarmQueen	SwarmQueen	ok_effective_combat_link	否	否	无	无	无	stop, attack, move, BurrowSwarmQueenDown, SwarmQueenTrain, SwarmQueenParasiticInvasion, MorphToLargeSwarmQueen, que1	SwarmQueenAcidSpines	无
阿巴瑟	单位/英雄	RoachCorpser	RoachCorpser	ok_effective_combat_link	否	否	无	que1, MorphRoachToRavager	无	stop, attack, move, BurrowHotSCorpserDown, que1, MorphRoachToRavager	RoachCorpserMelee, RoachCorpserAcidSaliva	变异为破坏者(MorphRoachToRavager)
阿巴瑟	单位/英雄	RoachVile	RoachVile	ok_effective_combat_link	否	否	无	que1, MorphRoachVileToRavager, EvolveToBrutaliskRoachVile, AbathurDeepTunnelImproved	无	stop, attack, move, HotSBurrowVileDown, que1, MorphRoachVileToRavager, EvolveToBrutaliskRoachVile, AbathurDeepTunnelImproved	RoachVileMelee, RoachVileAcidSaliva	变异为破坏者(MorphRoachVileToRavager), 深槽虫道(AbathurDeepTunnelImproved)
阿巴瑟	单位/英雄	RavagerAbathur	RavagerAbathur	ok_effective_combat_link	否	否	无	stop, attack, move, que1, BurrowRavagerAbathurDown, RavagerAbathurCorrosiveBile, EvolveToBrutaliskRavager, AbathurDeepTunnelImproved	RavagerWeapon	stop, attack, move, que1, BurrowRavagerAbathurDown, RavagerAbathurCorrosiveBile, EvolveToBrutaliskRavager, AbathurDeepTunnelImproved	RavagerWeapon	腐蚀胆汁(RavagerAbathurCorrosiveBile), 潜地(BurrowRavagerAbathurDown)
阿巴瑟	单位/英雄	Viper	Viper	ok_effective_combat_link	否	否	无	ParasiticBomb, EvolveToLeviathanViper, que1	无	stop, move, DisablingCloud, ParasiticBomb, Yoink, ViperConsumption, attack, EvolveToLeviathanViper, que1	ViperAir	吞噬(ViperConsumption), 绑架(Yoink), 寄生弹(ParasiticBomb)
阿巴瑟	单位/英雄	Brutalisk	Brutalisk	ok_effective_combat_link	否	否	无	BrutaliskDeepTunnel, SymbioteCarapace, BurrowBrutaliskDown, AbathurSymbioteHangerBrutalisk, que1Passive	Brutalize, FerociousSpew	BrutaliskDeepTunnel, SymbioteCarapace, BurrowBrutaliskDown, AbathurSymbioteHangerBrutalisk, que1Passive	Brutalize, FerociousSpew	甲壳(SymbioteCarapace), 深槽虫道(BrutaliskDeepTunnel), 潜地(BurrowBrutaliskDown)
阿巴瑟	单位/英雄	Leviathan	Leviathan	noncombat_or_no_weapon	否	否	无	无	无	无	无	无
阿巴瑟	单位/英雄	Overseer	Overseer	noncombat_or_no_weapon	否	否	无	OverseerMorphtoOverseerSiege	无	stop, move, SpawnChangeling, Contaminate, ColonyInfestation, OverseerMorphtoOverseerSiegeMode, OverseerMorphtoOverseerSiege	无	无
阿拉纳克	单位/英雄	ColossusTaldarim	ColossusTaldarim	ok_effective_combat_link	否	否	无	无	ColossusTaldarimChargedBeamFast	stop, attack, move, Warpable, ProgressRally	ColossusTaldarimChargedBeam, ColossusTaldarimChargedBeamFast	无
阿拉纳克	单位/英雄	HighTemplarTaldarim	HighTemplarTaldarim	ok_effective_combat_link	否	否	无	BuildInProgress, attack, AscendantSacrificeInstant	无	stop, move, VoidHighTemplarMindBlast, ArchonWarp, Warpable, ProgressRally, VoidHighTemplarPsiOrb, BuildInProgress, attack, AscendantSacrificeInstant	AscendantWeapon, HighTemplarWeapon	无
阿拉纳克	单位/英雄	ImmortalTaldarim	ImmortalTaldarim	ok_effective_combat_link	否	否	无	无	ImmortalTaldarimLookAt	stop, attack, move, Warpable, ProgressRally, FenixTaldarinImmortalMorph	ImmortalTaldarim, PhaseDisruptorsLookAt, ImmortalTaldarimLookAt	无
阿拉纳克	单位/英雄	Monitor	Monitor	ok_effective_combat_link	否	否	无	无	无	stop, move, Warpable, attack, ObserverTargetLock, ForceFieldMonitor, ProgressRally	MonitorFakeWeapon	无
阿拉纳克	单位/英雄	Supplicant	Supplicant	ok_effective_combat_link	否	否	无	stop, attack, move, WarpableAnywhere, ProgressRally	SupplicantWeapon	stop, attack, move, WarpableAnywhere, ProgressRally	SupplicantWeapon	无
阿拉纳克	单位/英雄	WarpPrismTaldarim	WarpPrismTaldarim	ok_effective_combat_link	否	否	无	attack, stop, move, PhasingModeTaldarim, WarpPrismTransport, Warpable	WarpPrismTaldarimWeapon	attack, stop, move, PhasingModeTaldarim, WarpPrismTransport, Warpable	WarpPrismTaldarimWeapon	相位模式(PhasingModeTaldarim), 装载(WarpPrismTransport), 全部卸载(WarpPrismTransport)
阿拉纳克	单位/英雄	Stalker	Stalker	ok_effective_combat_link	否	否	无	BlinkSlayer	无	stop, move, attack, Warpable, ProgressRally, Blink, BlinkSlayer	ParticleDisruptors	闪现(Blink)
阿塔尼斯	单位/英雄	Archon	Archon	ok_effective_combat_link	否	否	无	FeedbackArchon, PsiStormArchon	无	stop, attack, move, Mergeable, ProgressRally, Warpable, FeedbackArchon, PsiStormArchon	PsionicShockwave	无
阿塔尼斯	单位/英雄	ImmortalAiur	ImmortalAiur	ok_effective_combat_link	否	否	无	ImmortalBarrierBase, ImmortalShakurasShadowCannon	PhaseDisruptorsLookAt	stop, attack, move, Warpable, ProgressRally, ImmortalBarrierBase, FenixTaldarinImmortalMorph, ImmortalShakurasShadowCannon	PhaseDisruptors, PhaseDisruptorsLookAt	ImmortalBarrierBase(ImmortalBarrierBase), ImmortalShakurasShadowCannon(ImmortalShakurasShadowCannon)
阿塔尼斯	单位/英雄	Observer	Observer	ok_effective_combat_link	否	否	无	attack, Warpable, ObserverMorphtoObserverSiege	无	stop, move, ObserverMorphtoObserverSiege, attack, Warpable	无	监察模式(ObserverMorphtoObserverSiege), 监察模式(ObserverMorphtoObserverSiege)
阿塔尼斯	单位/英雄	PhoenixAiur	PhoenixAiur	ok_effective_combat_link	否	否	无	无	ArtanisIonCannons	stop, attack, move, GravitonBeam, GravitonBeamVoidCampaign, Warpable, ProgressRally	ArtanisIonCannons	无
阿塔尼斯	单位/英雄	Dragoon	Dragoon	ok_effective_combat_link	否	否	无	无	无	stop, attack, move, Warpable, ProgressRally	Dragoon	无
阿塔尼斯	单位/英雄	Zealot	Zealot	ok_effective_combat_link	否	否	无	无	无	stop, attack, move, Warpable, ProgressRally, Charge	PsiBlades	冲锋(Charge)
阿塔尼斯	单位/英雄	HighTemplar	HighTemplar	ok_effective_combat_link	否	否	无	无	无	stop, move, PsiStorm, ArchonWarp, Warpable, ProgressRally, Feedback, BuildInProgress, attack	HighTemplarWeapon	能量反蚀(Feedback), 灵能风暴(PsiStorm), 执政官融合(ArchonWarp)
阿塔尼斯	单位/英雄	Tempest	Tempest	ok_effective_combat_link	否	否	无	LightningBomb	无	stop, attack, move, Warpable, ProgressRally, LightningBomb	TempestGround, Tempest	无
阿塔尼斯	单位/英雄	Reaver	Reaver	ok_effective_combat_link	否	否	无	无	无	stop, attack, move, Warpable, ProgressRally, HangarQueue5, ReaverHangar	ReaverScarabsLaunch	无
德哈卡	单位/英雄	DehakaCoop	DehakaCoop	ok_effective_combat_link	否	否	无	stop, attack, move, DehakaLearn, DehakaIntimidatingRoar, DehakaLeapStomp, DehakaConsume, DehakaMendingAura, DehakaDetector, DehakaDeepTunnel, MammothBreath, DehakaAirAttackUpgrade, DehakaArmorUpgrade	DehakaCoop	stop, attack, move, DehakaLearn, DehakaIntimidatingRoar, DehakaLeapStomp, DehakaConsume, DehakaMendingAura, DehakaDetector, DehakaDeepTunnel, MammothBreath, DehakaAirAttackUpgrade, DehakaArmorUpgrade	DehakaCoop	原始恢复(DehakaMendingAura), 敏锐感官(DehakaDetector), 骨板(DehakaArmorUpgrade), 致命触击(DehakaAirAttackUpgrade), 跳跃(DehakaLeapStomp), 破胆咆哮(DehakaIntimidatingRoar), 吞食(DehakaConsume), 灼热吐息(MammothBreath), 进化跳跃(DehakaLearn), 进化破胆咆哮(DehakaLearn), 进化吞食(DehakaLearn), 进化灼热吐息(DehakaLearn)
德哈卡	单位/英雄	DehakaGlevig	DehakaGlevig	ok_effective_combat_link	否	否	无	stop, attack, GlevigDeepTunnel, DehakaGlevigFirebreath, BuildInProgress, CommanderPrestigeDehakaPackLeadersRetreat	YagdraFireballWeapon	stop, attack, GlevigDeepTunnel, DehakaGlevigFirebreath, BuildInProgress, CommanderPrestigeDehakaPackLeadersRetreat	YagdraFireballWeaponDehaka, YagdraFireballWeapon	为陛下让路(CommanderPrestigeDehakaPackLeadersRetreat), 深槽虫道(GlevigDeepTunnel)
德哈卡	单位/英雄	DehakaMurvar	DehakaMurvar	ok_effective_combat_link	否	否	无	stop, attack, move, CoopMurvarSpawnCreepers, MurvarCoopPuke, CommanderPrestigeDehakaPackLeadersRetreat	SlivanRanged	stop, attack, move, CoopMurvarSpawnCreepers, MurvarCoopPuke, CommanderPrestigeDehakaPackLeadersRetreat	SlivanRanged	孵化虫群(CoopMurvarSpawnCreepers), 压制恶臭(MurvarCoopPuke), 为陛下让路(CommanderPrestigeDehakaPackLeadersRetreat)
德哈卡	单位/英雄	DehakaDakrun	DehakaDakrun	ok_effective_combat_link	否	否	无	stop, attack, move, KraithCrashingCharge, CommanderPrestigeDehakaPackLeadersRetreat	KraithMelee	stop, attack, move, DehakaCrashingCharge, CommanderPrestigeDehakaPackLeadersRetreat, KraithCrashingCharge	KraithMelee	野蛮冲锋(KraithCrashingCharge), 为陛下让路(CommanderPrestigeDehakaPackLeadersRetreat)
德哈卡	单位/英雄	DehakaDrone	DehakaDrone	ok_effective_combat_link	否	否	无	stop, attack, move, DehakaDroneMorph, DroneHarvest, BurrowDehakaDroneDown, DroneCarcassHarvest, MapObjectInteract, MutatorRemoveWorkerSleep, SprayZerg	DehakaDroneSpines	stop, attack, move, DehakaDroneMorph, DroneHarvest, BurrowDehakaDroneDown, DroneCarcassHarvest, MapObjectInteract, MutatorRemoveWorkerSleep, SprayZerg	DehakaDroneSpines	召唤原始主巢(DehakaDroneMorph), 召唤原始战争之巢(DehakaDroneMorph), 召唤格里维格的巢穴(DehakaDroneMorph), 召唤穆尔瓦的巢穴(DehakaDroneMorph), 召唤达克伦的巢穴(DehakaDroneMorph), 召唤原始蠕虫(DehakaDroneMorph)
德哈卡	单位/英雄	DehakaCreeper	DehakaCreeper	ok_effective_combat_link	否	否	无	stop, attack, move, DehakaCreeperMorphToAir	无	stop, attack, move, DehakaCreeperMorphToAir	无	无
德哈卡	单位/英雄	DehakaCreeperFlying	DehakaCreeperFlying	ok_effective_combat_link	否	否	无	stop, attack, move	DehakaCreeperSuicide, DehakaCreeperSuicideBuilding, DehakaCreeperSwoop	stop, attack, move	DehakaCreeperSuicide, DehakaCreeperSuicideBuilding, DehakaCreeperSwoop	DehakaLocustFlyingSwoop(DehakaLocustFlyingSwoopAttack)
德哈卡	单位/英雄	DehakaHydraliskLevel2	DehakaHydraliskLevel2	ok_effective_combat_link	否	否	无	move, attack, stop, BurrowDehakaHydraliskLevel2Down, PrimalHydraliskToMutalisk, PrimalHydraliskImpalerMerge	DehakaHydraliskLevel2Melee, DehakaHydraliskLevel2NeedleSpines	move, attack, stop, BurrowDehakaHydraliskLevel2Down, PrimalHydraliskToMutalisk, PrimalHydraliskImpalerMerge	DehakaHydraliskLevel2Melee, DehakaHydraliskLevel2NeedleSpines	潜地(BurrowDehakaHydraliskLevel2Down)
德哈卡	单位/英雄	DehakaMutaliskLevel3	DehakaMutaliskLevel3	ok_effective_combat_link	否	否	无	stop, attack, move, PrimalMutaliskLevel2Mergeable, DehakaMutaliskRevive	DehakaMutaliskAirGlaiveWurm, DehakaMutaliskLevel3GlaiveWurm	stop, attack, move, PrimalMutaliskLevel2Mergeable, DehakaMutaliskRevive, ProgressRally	DehakaMutaliskAirGlaiveWurm, DehakaMutaliskLevel3GlaiveWurm	无
德哈卡	单位/英雄	DehakaPrimalSwarmHost	DehakaPrimalSwarmHost	ok_effective_combat_link	否	否	无	stop, move, DehakaMorphToPrimalSwarmHostBurrowed, DehakaSpawnCreeperTargeted, PrimalSwarmHostMergeable, attack, ProgressRally	DehakaPrimalSwarmHostFakeWeapon	stop, move, DehakaMorphToPrimalSwarmHostBurrowed, DehakaSpawnCreeperTargeted, PrimalSwarmHostMergeable, attack, ProgressRally	DehakaPrimalSwarmHostFakeWeapon	孵化爆裂掘地虫(DehakaSpawnCreeperTargeted), 潜地(DehakaMorphToPrimalSwarmHostBurrowed)
德哈卡	单位/英雄	DehakaRavasaur	DehakaRavasaur	ok_effective_combat_link	否	否	无	move, attack, stop, BurrowDehakaRavasaurDown, PrimalZerglingLevel2Mergeable, ProgressRally	DehakaRavasaur	move, attack, stop, BurrowDehakaRavasaurDown, PrimalZerglingLevel2Mergeable, ProgressRally	DehakaRavasaur	潜地(BurrowDehakaRavasaurDown)
德哈卡	单位/英雄	DehakaRoachLevel2	DehakaRoachLevel2	ok_effective_combat_link	否	否	无	stop, attack, move, BurrowDehakaRoachLevel2Down, PrimalRoachLevel2Mergeable, PrimalRoachLevel2Merge, PrimalRoachGuardianMerge	DehakaRoachLevel2Melee, DehakaRoachLevel2	stop, attack, move, BurrowDehakaRoachLevel2Down, PrimalRoachLevel2Mergeable, PrimalRoachLevel2Merge, PrimalRoachGuardianMerge	DehakaRoachLevel2Melee, DehakaRoachLevel2	潜地(BurrowDehakaRoachLevel2Down)
德哈卡	单位/英雄	DehakaRoachLevel3	DehakaRoachLevel3	ok_effective_combat_link	否	否	无	stop, attack, move, BurrowDehakaRoachLevel3Down, PrimalRoachLevel2Mergeable, ProgressRally	DehakaRoachLevel3Cone	stop, attack, move, BurrowDehakaRoachLevel3Down, PrimalRoachLevel2Mergeable, ProgressRally	DehakaRoachLevel3Cone	潜地(BurrowDehakaRoachLevel3Down)
德哈卡	单位/英雄	DehakaSwarmHost	DehakaSwarmHost	ok_effective_combat_link	否	否	无	stop, move, DehakaMorphToSwarmHostBurrowed, DehakaSpawnLocustsTargeted, PrimalSwarmHostMerge, attack	SwarmHostFakeWeapon	stop, move, DehakaMorphToSwarmHostBurrowed, DehakaSpawnLocustsTargeted, PrimalSwarmHostMerge, attack	SwarmHostFakeWeapon	孵化原始蝗虫(DehakaSpawnLocustsTargeted), 潜地(DehakaMorphToSwarmHostBurrowed)
德哈卡	单位/英雄	DehakaUltraliskLevel2	DehakaUltraliskLevel2	ok_effective_combat_link	否	否	无	stop, attack, move, BurrowDehakaUltraliskLevel2Down, PrimalUltraliskMergeable, PrimalUltraliskLevel2Merge, DehakaUltraliskCrashingCharge	DehakaKaiserBladesLevel2	stop, attack, move, BurrowDehakaUltraliskLevel2Down, PrimalUltraliskMergeable, PrimalUltraliskLevel2Merge, DehakaUltraliskCrashingCharge	DehakaKaiserBladesLevel2	野蛮冲锋(DehakaUltraliskCrashingCharge), 潜地(BurrowDehakaUltraliskLevel2Down)
德哈卡	单位/英雄	DehakaUltraliskLevel3	DehakaUltraliskLevel3	ok_effective_combat_link	否	否	无	stop, attack, move, BurrowDehakaUltraliskLevel3Down, PrimalUltraliskLevel2Mergeable, DehakaTyrannozorFanOfKnives, ProgressRally	DehakaKaiserBladesLevel3, DehakaUltraliskMissileLaunchers	stop, attack, move, BurrowDehakaUltraliskLevel3Down, PrimalUltraliskLevel2Mergeable, DehakaTyrannozorFanOfKnives, ProgressRally	DehakaKaiserBladesLevel3, DehakaUltraliskMissileLaunchers	潜地(BurrowDehakaUltraliskLevel3Down)
德哈卡	单位/英雄	DehakaZerglingLevel2	DehakaZerglingLevel2	ok_effective_combat_link	否	否	无	attack, move, stop, PrimalCarryCarcass, BurrowDehakaZerglingLevel2Down, PrimalZerglingLevel2Mergeable, PrimalZerglingRavasaurMerge	DehakaZerglingLevel2	attack, move, stop, BurrowDehakaZerglingLevel2Down, PrimalZerglingLevel2Mergeable, PrimalZerglingRavasaurMerge, PrimalCarryCarcass	DehakaZerglingLevel2	潜地(BurrowDehakaZerglingLevel2Down)
德哈卡	单位/英雄	ImpalerDehaka	ImpalerDehaka	ok_effective_combat_link	否	否	无	stop, move, BurrowImpalerDehakaDown, PrimalHydraliskLevel2Mergeable, ProgressRally	ImpalerDehaka	stop, move, BurrowImpalerDehakaDown, PrimalHydraliskLevel2Mergeable, ProgressRally	ImpalerDehaka	ImpalerBurrowDown(BurrowImpalerDehakaDown)
德哈卡	单位/英雄	DehakaGuardian	DehakaGuardian	ok_effective_combat_link	否	否	无	attack, stop, move, PrimalRoachLevel3GuardianMergeable, DehakaGuardianMineCharge	DehakaAcidSpores	attack, stop, move, PrimalRoachLevel3GuardianMergeable, DehakaGuardianMineCharge	DehakaAcidSpores	无
菲尼克斯	单位/英雄	Adept	Adept	ok_effective_combat_link	否	否	无	FenixTalisAdeptMorph, FenixAdeptShadeCooldown	无	stop, attack, move, Warpable, ProgressRally, AdeptPhaseShift, AdeptPhaseShiftCancel, FenixTalisAdeptMorph, FenixAdeptShadeCooldown	Adept	无
菲尼克斯	单位/英雄	ColossusPurifier	ColossusPurifier	ok_effective_combat_link	否	否	无	FenixWarbringerColossusMorph	ThermalLances	stop, attack, move, Warpable, ProgressRally, FenixWarbringerColossusMorph	ColossusPurifierThermalLances, ThermalLances	无
菲尼克斯	单位/英雄	Observer	Observer	ok_effective_combat_link	否	否	无	attack, Warpable, ObserverMorphtoObserverSiege	无	stop, move, ObserverMorphtoObserverSiege, attack, Warpable	无	监察模式(ObserverMorphtoObserverSiege), 监察模式(ObserverMorphtoObserverSiege)
菲尼克斯	单位/英雄	Scout	Scout	ok_effective_combat_link	否	否	无	FenixMojoScoutMorph	ScoutAir, ScoutGround	FenixMojoScoutMorph	ScoutAir, ScoutGround	无
菲尼克斯	单位/英雄	SentryFenix	SentryFenix	ok_effective_combat_link	否	否	无	attack, stop, move, Warpable, ProgressRally, FenixSentryGuardianZone, SentryFenixPhasingMode	EnergizerWeapon	attack, stop, move, Warpable, ProgressRally, FenixSentryGuardianZone, SentryFenixPhasingMode	EnergizerWeapon	防护场(FenixSentryGuardianZone), 相位模式(SentryFenixPhasingMode)
菲尼克斯	单位/英雄	ZealotPurifier	ZealotPurifier	ok_effective_combat_link	否	否	无	FenixKaldalisZealotMorph	无	stop, attack, move, Warpable, ProgressRally, Charge, ZealotPurifierReviveDeath, FenixKaldalisZealotMorph	PsiBlades	无
菲尼克斯	单位/英雄	Immortal	Immortal	ok_effective_combat_link	否	否	无	FenixTaldarinImmortalMorph	PhaseDisruptorsLookAt	stop, attack, move, Warpable, ProgressRally, ImmortalBarrierBase, FenixTaldarinImmortalMorph	PhaseDisruptors, PhaseDisruptorsLookAt	屏障(ImmortalOverload)
菲尼克斯	单位/英雄	Carrier	Carrier	ok_effective_combat_link	否	否	无	FenixClolarionCarrierMorph	无	stop, attack, move, CarrierHangar, HangarQueue5, ProgressRally, FenixClolarionCarrierMorph	InterceptorLaunch, InterceptorsDummy	制造拦截机(CarrierHangar)
菲尼克斯	单位/英雄	Disruptor	Disruptor	ok_effective_combat_link	否	否	无	FenixPurificationNova, attack	DisruptorPsiBlast	stop, move, Warpable, PurificationNovaTargeted, FenixPurificationNova, attack	DisruptorPsiBlast	无
霍纳与汉	单位/英雄	HHBattlecruiser	HHBattlecruiser	ok_effective_combat_link	否	否	无	stop, attack, move, Yamato, que1, HHBattlecruiserHyperjump, HHYamatoShots	HHATALaserBattery, HHLaserBattery	stop, attack, move, Yamato, que1, HHBattlecruiserHyperjump, HHYamatoShots	HHATALaserBattery, HHLaserBattery	战术跳跃(HHBattlecruiserHyperjump), 超载反应堆(HHYamatoShots), 变回ATX激光炮组(HHYamatoShots)
霍纳与汉	单位/英雄	HHHellion	HHHellion	ok_effective_combat_link	否	否	无	stop, attack, move, MorphToHHHellionTank, HHHellionBomb	HHHellionPunisherGrenades, HHHellionPunisherGrenadesFake	stop, attack, move, MorphToHHHellionTank, HHHellionBomb	HHHellionPunisherGrenades, HHHellionPunisherGrenadesFake	恶蝠模式(MorphToHHHellionTank), 焦油炸弹(HHHellionBomb)
霍纳与汉	单位/英雄	HHHellionTank	HHHellionTank	ok_effective_combat_link	否	否	无	stop, attack, move, MorphToHHHellion	HHHellionTank	stop, attack, move, MorphToHHHellion	HHHellionTank	恶火模式(MorphToHHHellion)
霍纳与汉	单位/英雄	HHRaven	HHRaven	ok_effective_combat_link	否	否	无	attack, stop, move, WarpableNova, HHRavenMorphtoHHRavenSiege, RavenTargetLock, FleetwideJump	HHNomadFakeWeapon	attack, stop, move, WarpableNova, HHRavenMorphtoHHRavenSiege, RavenTargetLock, FleetwideJump	HHNomadFakeWeapon	战术跳跃(FleetwideJump), 分析弱点(RavenTargetLock), 启动消音模式(HHRavenMorphtoHHRavenSiege)
霍纳与汉	单位/英雄	HHReaper	HHReaper	ok_effective_combat_link	否	否	无	stop, attack, move, HHD8SingleCharge, HHD8Charge, ReaperFlyMorph, HHReaperFly	HHReaperP38ScytheGuassPistol, HHReaperD8Charge	stop, attack, move, HHD8SingleCharge, HHD8Charge, ReaperFlyMorph, HHReaperFly	HHReaperP38ScytheGuassPistol, HHReaperD8Charge	KD8型炸弹(HHD8SingleCharge), 喷气背包加力(HHReaperFly)
霍纳与汉	单位/英雄	HHVikingFighter	HHVikingFighter	ok_effective_combat_link	否	否	无	stop, attack, move, HHAssaultMode, VehicleAfterburners, FleetwideJump, HHVikingRockets	HHLanzerTorpedoes	stop, attack, move, HHAssaultMode, VehicleAfterburners, FleetwideJump, HHVikingRockets	HHLanzerTorpedoes	战术跳跃(FleetwideJump), 狂暴飞弹(HHVikingRockets), 机甲模式(HHAssaultMode)
霍纳与汉	单位/英雄	HHWidowMine	HHWidowMine	ok_effective_combat_link	否	否	无	HHWidowMineBurrow, stop, move, HHWidowMineBlossom	HHWidowMineDummy	HHWidowMineBurrow, stop, move, HHWidowMineBlossom	HHWidowMineDummy	攻击(HHWidowMineAttack), 激活地雷(HHWidowMineBurrow)
霍纳与汉	单位/英雄	HHWraith	HHWraith	ok_effective_combat_link	否	否	无	stop, attack, move, HHWraithCloak, FleetwideJump	HHWraith	stop, attack, move, HHWraithCloak, FleetwideJump	HHWraith	战术跳跃(FleetwideJump), WraithCloakOff(HHWraithCloak)
霍纳与汉	单位/英雄	Predator	Predator	noncombat_or_no_weapon	否	否	无	无	无	无	无	无
霍纳与汉	单位/英雄	Liberator	Liberator	ok_effective_combat_link	否	否	无	WarpableNova, VehicleAfterburners	无	stop, attack, move, LiberatorMorphtoAG, LiberatorAGTarget, WarpableNova, VehicleAfterburners	LiberatorMissileLaunchers	防卫模式(LiberatorAGTarget), 后燃推进系统(VehicleAfterburners)
凯拉克斯	单位/英雄	ImmortalAiur	ImmortalAiur	ok_effective_combat_link	否	否	无	ImmortalBarrierBase, ImmortalShakurasShadowCannon	PhaseDisruptorsLookAt	stop, attack, move, Warpable, ProgressRally, ImmortalBarrierBase, FenixTaldarinImmortalMorph, ImmortalShakurasShadowCannon	PhaseDisruptors, PhaseDisruptorsLookAt	ImmortalBarrierBase(ImmortalBarrierBase), ImmortalShakurasShadowCannon(ImmortalShakurasShadowCannon)
凯拉克斯	单位/英雄	Observer	Observer	ok_effective_combat_link	否	否	无	attack, Warpable, ObserverMorphtoObserverSiege	无	stop, move, ObserverMorphtoObserverSiege, attack, Warpable	无	监察模式(ObserverMorphtoObserverSiege), 监察模式(ObserverMorphtoObserverSiege)
凯拉克斯	单位/英雄	PhoenixPurifier	PhoenixPurifier	ok_effective_combat_link	否	否	无	MirageGravitonBeamVoidCampaign	ArtanisIonCannons	stop, attack, move, GravitonBeam, GravitonBeamVoidCampaign, Warpable, ProgressRally, MirageGravitonBeamVoidCampaign	ArtanisIonCannons	引力光束(MirageGravitonBeamVoidCampaign), GravitonBeamVoidCampaign(GravitonBeamVoidCampaign)
凯拉克斯	单位/英雄	Scout	Scout	ok_effective_combat_link	否	否	无	FenixMojoScoutMorph	ScoutAir, ScoutGround	FenixMojoScoutMorph	ScoutAir, ScoutGround	无
凯拉克斯	单位/英雄	SentryPurifier	SentryPurifier	ok_effective_combat_link	否	否	无	EnergizerReclamation	无	attack, stop, move, Warpable, ProgressRally, BuildInProgress, VoidSentryChronoBeam, VoidSentryPhasingMode, EnergizerReclamation	EnergizerWeapon	无
凯拉克斯	单位/英雄	ZealotPurifier	ZealotPurifier	ok_effective_combat_link	否	否	无	FenixKaldalisZealotMorph	无	stop, attack, move, Warpable, ProgressRally, Charge, ZealotPurifierReviveDeath, FenixKaldalisZealotMorph	PsiBlades	无
凯拉克斯	单位/英雄	Colossus	Colossus	ok_effective_combat_link	否	否	无	无	无	stop, attack, move, Warpable, ProgressRally	ThermalLances	无
凯拉克斯	单位/英雄	Carrier	Carrier	ok_effective_combat_link	否	否	无	FenixClolarionCarrierMorph	无	stop, attack, move, CarrierHangar, HangarQueue5, ProgressRally, FenixClolarionCarrierMorph	InterceptorLaunch, InterceptorsDummy	制造拦截机(CarrierHangar)
凯瑞甘	单位/英雄	K5Kerrigan	K5Kerrigan	ok_effective_combat_link	否	否	无	KerriganMaelstrom, KerriganVoidCoopEconDrop, KerriganVoidCoopCrushingGripWave	无	attack, stop, move, PsionicLift, K5KerriganPsiStrikeMorph, PsiStrikeWalk, MindBolt, PrimalSlash, WildMutation, SpawnBanelings, PrimalHeal, K5DropPods, K5Leviathan, Apocalypse, K5KerriganBurrow, KerriganMaelstrom, KerriganVoidCoopEconDrop, KerriganVoidCoopCrushingGripWave	K5Ranged	SpawnBanelings(SpawnBanelings), K5DropPods(K5DropPods), PrimalSlash(PrimalSlash), MindBolt(MindBolt), PsiStrike(PsiStrikeWalk), PsionicLift(PsionicLift), 吸收光环(KerriganVoidCoopEconDrop), PrimalHeal(PrimalHeal), WildMutation(WildMutation)
凯瑞甘	单位/英雄	BroodLord	BroodLord	ok_effective_combat_link	否	否	无	无	无	stop, attack, move, BroodLordHangar, BroodLordQueue2	BroodlingStrike	无
凯瑞甘	单位/英雄	Hydralisk	Hydralisk	ok_effective_combat_link	否	否	无	无	无	stop, attack, move, BurrowHydraliskDown, HydraliskFrenzy, MorphToLurker, que1	HydraliskMelee, NeedleSpines	突击(HydraliskFrenzy), 潜地(BurrowHydraliskDown), 出地(BurrowHydraliskUp)
凯瑞甘	单位/英雄	MutaliskBroodlord	MutaliskBroodlord	ok_effective_combat_link	否	否	无	无	无	stop, attack, move, que1, MutaliskMorphToBroodLord	GlaiveWurm	无
凯瑞甘	单位/英雄	SwarmQueen	SwarmQueen	ok_effective_combat_link	否	否	无	无	无	stop, attack, move, BurrowSwarmQueenDown, SwarmQueenTrain, SwarmQueenParasiticInvasion, MorphToLargeSwarmQueen, que1	SwarmQueenAcidSpines	无
凯瑞甘	单位/英雄	Ultralisk	Ultralisk	ok_effective_combat_link	否	否	无	无	无	stop, attack, move, BurrowUltraliskDown, UltraliskWeaponCooldown, UltraliskBurrowCharge	KaiserBlades	潜地(BurrowUltraliskDown), 出地(BurrowUltraliskUp), BurrowChargeCampaign(UltraliskBurrowCharge)
凯瑞甘	单位/英雄	Zergling	Zergling	ok_effective_combat_link	否	否	无	无	无	stop, attack, move, que1, BurrowZerglingDown	Claws	潜地(BurrowZerglingDown), 出地(BurrowZerglingUp)
凯瑞甘	单位/英雄	LurkerMP	LurkerMP	ok_effective_combat_link	否	否	无	无	无	stop, move, BurrowLurkerMPDown, attack	Spinesdisabled	无
凯瑞甘	单位/英雄	Overseer	Overseer	noncombat_or_no_weapon	否	否	无	OverseerMorphtoOverseerSiege	无	stop, move, SpawnChangeling, Contaminate, ColonyInfestation, OverseerMorphtoOverseerSiegeMode, OverseerMorphtoOverseerSiege	无	无
蒙斯克	单位/英雄	SCVMengsk	SCVMengsk	ok_effective_combat_link	否	否	无	stop, attack, move, Repair, SCVHarvest, TerranBuildMengsk, MapObjectInteract, MutatorRemoveWorkerSleep, SprayTerran, SCVMengskMorphTrooperNoWeapon, SCVMengskEnlist, TrooperMengskBuild	FusionCutterMengsk	stop, attack, move, Repair, SCVHarvest, TerranBuildMengsk, SprayTerran, SCVMengskMorphTrooperNoWeapon, SCVMengskEnlist, TrooperMengskBuild, MapObjectInteract, MutatorRemoveWorkerSleep	FusionCutterMengsk	采集(SCVHarvest), 战斗报道(SCVMengskEnlist), 建造征兵中心(TerranBuildMengsk), 建造精炼厂(TerranBuildMengsk), 建造补给地堡(TrooperMengskBuild), 建造兵营(TerranBuildMengsk), 建造工程站(TerranBuildMengsk), 建造大地碎裂炮(TrooperMengskBuild), 建造导弹塔(TrooperMengskBuild), 建造皇家军校(TerranBuildMengsk), 建造重工厂(TerranBuildMengsk), 建造军械库(TerranBuildMengsk), 建造星港(TerranBuildMengsk), 建造聚变芯体(TerranBuildMengsk)
蒙斯克	单位/英雄	TrooperMengsk	TrooperMengsk	ok_effective_combat_link	否	否	无	stop, attack, move, TrooperMengskSpecializeAA, TrooperMengskSpecializeFlamethrower, TrooperMengskSpecializeImproved, TrooperMengskEnlist, TrooperMengskMorphSCV, TrooperMengskBuild	TrooperMengsk	stop, attack, move, TrooperMengskSpecializeAA, TrooperMengskSpecializeFlamethrower, TrooperMengskSpecializeImproved, TrooperMengskEnlist, TrooperMengskMorphSCV, TrooperMengskBuild	TrooperMengsk	攻击(attack), 工地报道(TrooperMengskEnlist), 装备B-2大口径轻机枪(TrooperMengskSpecializeImproved), 装备CPO-7火蜥火焰喷射器(TrooperMengskSpecializeFlamethrower), 装备冰雹发射器(TrooperMengskSpecializeAA), 建造补给地堡(TrooperMengskBuild), 建造大地碎裂炮(TrooperMengskBuild), 建造导弹塔(TrooperMengskBuild)
蒙斯克	单位/英雄	TrooperMengskAA	TrooperMengskAA	ok_effective_combat_link	否	否	无	stop, attack, move, TrooperMengskMorphSCV, StimpackMengsk, TrooperMengskEnlist, TrooperMengskBuild	TrooperMengskRocket, TrooperMengsk	stop, attack, move, TrooperMengskMorphSCV, StimpackMengsk, TrooperMengskEnlist, TrooperMengskBuild	TrooperMengskRocket, TrooperMengsk	攻击(attack), 工地报道(TrooperMengskEnlist), 装备B-2大口径轻机枪(TrooperMengskSpecializeImproved), 装备CPO-7火蜥火焰喷射器(TrooperMengskSpecializeFlamethrower), 装备冰雹发射器(TrooperMengskSpecializeAA), 建造补给地堡(TrooperMengskBuild), 建造大地碎裂炮(TrooperMengskBuild), 建造导弹塔(TrooperMengskBuild)
蒙斯克	单位/英雄	TrooperMengskFlamethrower	TrooperMengskFlamethrower	ok_effective_combat_link	否	否	无	stop, attack, move, TrooperMengskMorphSCV, StimpackMengsk, TrooperMengskEnlist, TrooperMengskBuild	TrooperMengskFlamethrower	stop, attack, move, TrooperMengskMorphSCV, StimpackMengsk, TrooperMengskEnlist, TrooperMengskBuild	TrooperMengskFlamethrower	攻击(attack), 工地报道(TrooperMengskEnlist), 装备B-2大口径轻机枪(TrooperMengskSpecializeImproved), 装备CPO-7火蜥火焰喷射器(TrooperMengskSpecializeFlamethrower), 装备冰雹发射器(TrooperMengskSpecializeAA), 建造补给地堡(TrooperMengskBuild), 建造大地碎裂炮(TrooperMengskBuild), 建造导弹塔(TrooperMengskBuild)
蒙斯克	单位/英雄	TrooperMengskImproved	TrooperMengskImproved	ok_effective_combat_link	否	否	无	stop, attack, move, TrooperMengskMorphSCV, StimpackMengsk, TrooperMengskEnlist, TrooperMengskBuild	TrooperMengskImproved	stop, attack, move, TrooperMengskMorphSCV, StimpackMengsk, TrooperMengskEnlist, TrooperMengskBuild	TrooperMengskImproved	攻击(attack), 工地报道(TrooperMengskEnlist), 装备B-2大口径轻机枪(TrooperMengskSpecializeImproved), 装备CPO-7火蜥火焰喷射器(TrooperMengskSpecializeFlamethrower), 装备冰雹发射器(TrooperMengskSpecializeAA), 建造补给地堡(TrooperMengskBuild), 建造大地碎裂炮(TrooperMengskBuild), 建造导弹塔(TrooperMengskBuild)
蒙斯克	单位/英雄	MarauderMengsk	MarauderMengsk	ok_effective_combat_link	否	否	无	stop, attack, move, MarauderMengskAttackSpeedBoost	PunisherGrenadesMengsk	stop, attack, move, MarauderMengskAttackSpeedBoost	PunisherGrenadesMengsk	攻击(attack), 高端强化剂(MarauderMengskAttackSpeedBoost)
蒙斯克	单位/英雄	GhostMengsk	GhostMengsk	ok_effective_combat_link	否	否	无	stop, attack, move, GhostMengskNuke, GhostMengskHoldFire, GhostMengskWeaponsFree, GhostMengskEMPShortStun, GhostMengskIrradiateSmallDamage, GhostMengskSuperCloak, GhostMengskEMPLongStun, GhostMengskIrradiateBigDamage	C10CanisterRifleMengsk	stop, attack, move, GhostMengskNuke, GhostMengskHoldFire, GhostMengskWeaponsFree, GhostMengskEMPShortStun, GhostMengskIrradiateSmallDamage, GhostMengskSuperCloak, GhostMengskEMPLongStun, GhostMengskIrradiateBigDamage	C10CanisterRifleMengsk	攻击(attack), 停火(GhostMengskHoldFire), 自由射击(GhostMengskWeaponsFree), 焰能爆燃(GhostMengskIrradiateSmallDamage), EMP震爆(GhostMengskEMPShortStun), 迷宫式隐形迷彩(GhostMengskSuperCloak), 战术飞弹打击(GhostMengskNuke)
蒙斯克	单位/英雄	MedivacMengsk	MedivacMengsk	ok_effective_combat_link	否	否	无	MedivacMengskHeal, stop, move, MedivacMengskTransport, MedivacMengskSpeedBoost, MedivacMengskDoubleBeamHeal, attack	MedivacMengskSiegeTankAirlift	MedivacMengskHeal, stop, move, MedivacMengskTransport, MedivacMengskSpeedBoost, MedivacMengskDoubleBeamHeal, attack	MedivacMengskSiegeTankAirlift	治疗(MedivacMengskDoubleBeamHeal), 后燃推进系统(MedivacMengskSpeedBoost), 装载(MedivacMengskTransport), 全部卸载(MedivacMengskTransport)
蒙斯克	单位/英雄	SiegeTankMengsk	SiegeTankMengsk	ok_effective_combat_link	否	否	无	stop, attack, move, SiegeModeMengsk	SiegeTankMengsk, 90mmCannonsMengskLookAt	stop, attack, move, SiegeModeMengsk	SiegeTankMengsk, 90mmCannonsMengskLookAt	攻击(attack), 攻城模式(SiegeModeMengsk)
蒙斯克	单位/英雄	SiegeTankMengskSieged	SiegeTankMengskSieged	ok_effective_combat_link	否	否	无	stop, attack, UnsiegeMengsk	SiegeTankMengskSieged	stop, attack, UnsiegeMengsk	SiegeTankMengskSieged	攻击(attack), 坦克模式(UnsiegeMengsk)
蒙斯克	单位/英雄	ThorMengsk	ThorMengsk	ok_effective_combat_link	否	否	无	attack, move, stop, ThorMengskSiege, ThorMengskSiegeTargeted, ThorMengskSiegeTargetedIncreasedRange, ThorMengskSiegeTargetedLargeAoE	JavelinMissileLaunchersMengsk, ThorsHammerMengsk	attack, move, stop, ThorMengskAAMengsk, ThorMengskMAAMengsk, ThorMengskSiege, ThorMengskSiegeTargeted, ThorMengskSiegeTargetedIncreasedRange, ThorMengskSiegeTargetedLargeAoE	JavelinMissileLaunchersMengsk, ThorsHammerMengsk	攻击(attack), 掩护射击模式(ThorMengskSiegeTargeted)
蒙斯克	单位/英雄	VikingMengskFighter	VikingMengskFighter	ok_effective_combat_link	否	否	无	stop, attack, move, AssaultModeMengsk	无	stop, attack, move, AssaultModeMengsk	VikingMengskAir	攻击(attack), 突击模式(AssaultModeMengsk)
蒙斯克	单位/英雄	VikingMengskAssault	VikingMengskAssault	ok_effective_combat_link	否	否	无	stop, attack, move, FighterModeMengsk	无	stop, attack, move, FighterModeMengsk	VikingMengskGround	攻击(attack), 战机模式(FighterModeMengsk)
蒙斯克	单位/英雄	BattlecruiserMengsk	BattlecruiserMengsk	ok_effective_combat_link	否	否	无	stop, attack, move, que1, BattlecruiserMengskYamato, BattlecruiserMengskYamatoTwoCharges, BattlecruiserMengskHyperjump, BattlecruiserMengskHyperjumpTwoCharges	SwitchLaserBatteryMengsk	stop, attack, move, que1, BattlecruiserMengskYamato, BattlecruiserMengskYamatoTwoCharges, BattlecruiserMengskHyperjump, BattlecruiserMengskHyperjumpTwoCharges	SwitchLaserBatteryMengsk	攻击(attack), 大和炮(BattlecruiserMengskYamato), 战术跳跃(BattlecruiserMengskHyperjump)
蒙斯克	单位/英雄	RavenMengsk	RavenMengsk	ok_effective_combat_link	否	否	无	attack, stop, move, RavenMengskMorphtoRavenMengskSieged	无	attack, stop, move, RavenMengskMorphtoRavenMengskSieged	无	爱国者模式(RavenMengskMorphtoRavenMengskSieged)
蒙斯克	单位/英雄	RavenMengskSieged	RavenMengskSieged	ok_effective_combat_link	否	否	无	attack, stop, move, RavenMengskMorphtoRavenMengskSieged, RavenMengskSiegedMorphtoRavenMengsk	无	attack, stop, move, RavenMengskMorphtoRavenMengskSieged, RavenMengskSiegedMorphtoRavenMengsk	无	取消爱国者模式(RavenMengskSiegedMorphtoRavenMengsk)
诺娃	单位/英雄	Banshee_BlackOps	Banshee_BlackOps	ok_effective_combat_link	否	否	无	stop, attack, move, WarpableNova, Banshee_BlackOpsAirstrike	Banshee_BlackOps	stop, attack, move, Banshee_BlackOpsAirstrike, WarpableNova	Banshee_BlackOps	火箭弹幕(Banshee_BlackOpsAirstrike)
诺娃	单位/英雄	GhostNova	GhostNova	ok_effective_combat_link	否	否	无	Snipe_BlackOps, GhostHoldFire, GhostWeaponsFree, WarpableNova	无	stop, attack, move, Snipe_BlackOps, GhostHoldFire, GhostWeaponsFree, WarpableNova	C10CanisterRifle	AttackGhost(attack), 停火(GhostHoldFire), 自由射击(GhostWeaponsFree), 战术聚变打击(TacNukeStrike), 稳定瞄准(Snipe_BlackOps), EMP弹(EMPBlackOps), 隐形(GhostCloak), EMP弹(EMPBlackOps), 取消隐形(GhostCloak)
诺娃	单位/英雄	Goliath_BlackOps	Goliath_BlackOps	ok_effective_combat_link	否	否	无	stop, attack, move, WarpableNova	Goliath_BlackOpsA, Goliath_BlackOpsAUpgraded, Goliath_BlackOpsG, Goliath_BlackOpsGUpgraded	stop, attack, move, WarpableNova	Goliath_BlackOpsAUpgraded, Goliath_BlackOpsGUpgraded, Goliath_BlackOpsA, Goliath_BlackOpsG	无
诺娃	单位/英雄	HellbatBlackOps	HellbatBlackOps	ok_effective_combat_link	否	否	无	stop, attack, move, MorphToHellionBlackOps, HellbatCharge	HellbatBlackOps	stop, attack, move, MorphToHellionBlackOps, HellbatCharge	HellbatBlackOps	恶火模式(MorphToHellionBlackOps), 喷气背包突击(HellbatCharge)
诺娃	单位/英雄	Liberator_BlackOps	Liberator_BlackOps	ok_effective_combat_link	否	否	无	stop, attack, move, Liberator_BlackOpsMorphtoAG, LiberatorAG_BlackOpsTarget, WarpableNova, VehicleAfterburners	Liberator_BlackOpsMissileLaunchers	stop, attack, move, LiberatorAGNova, LiberatorMAGNova, Liberator_BlackOpsMorphtoAG, LiberatorAG_BlackOpsTarget, WarpableNova, VehicleAfterburners	Liberator_BlackOpsMissileLaunchers	防卫模式(LiberatorAG_BlackOpsTarget)
诺娃	单位/英雄	Marauder_BlackOps	Marauder_BlackOps	ok_effective_combat_link	否	否	无	stop, attack, move, StimpackMarauder_BlackOps, WarpableNova, MagrailMunitionsMarauder	Marauder_BlackOps	stop, attack, move, MagrailMunitionsNova, StimpackMarauder_BlackOps, WarpableNova, MagrailMunitionsMarauder	Marauder_BlackOps	MagrailMunitions(MagrailMunitionsMarauder)
诺娃	单位/英雄	Marine_BlackOps	Marine_BlackOps	ok_effective_combat_link	否	否	无	stop, attack, move, WarpableNova, SuperStimpackMarine	Marine_BlackOps	stop, attack, move, NovaSuperStim, WarpableNova, SuperStimpackMarine	Marine_BlackOps	超级强化剂(SuperStimpackMarine)
诺娃	单位/英雄	Raven_BlackOps	Raven_BlackOps	noncombat_or_no_weapon	否	否	无	stop, move, WarpableNova, InstantSeekerMissile_BlackOps, BuildAutoTurret_BlackOps, PlaceHealingDrone	无	stop, move, SeekerMissileNova, BuildAutoTurret_BlackOps, PlaceHealingDrone, WarpableNova, InstantSeekerMissile_BlackOps	无	建造磁轨炮塔(BuildAutoTurret_BlackOps), 部署生物机械修理无人机(PlaceHealingDrone), 捕食者飞弹(InstantSeekerMissile_BlackOps)
诺娃	单位/英雄	MercReaper	MercReaper	ok_effective_combat_link	否	否	无	无	无	stop, attack, move, D8Charge	MercReaperP38ScytheGuassPistol, MercReaperD8Charge	无
诺娃	单位/英雄	SiegeTank_BlackOps	SiegeTank_BlackOps	ok_effective_combat_link	否	否	无	stop, attack, move, SiegeTank_BlackOpsSiege, WarpableNova, DeploySpiderMines	SiegeTank_BlackOps, 90mmCannonsLookAt	stop, attack, move, SiegeTank_BlackOpsSiege, DeploySpiderMines, WarpableNova	SiegeTank_BlackOps, 90mmCannonsLookAt	攻城模式(SiegeTank_BlackOpsSiege), 部署蜘蛛雷(DeploySpiderMines)
诺娃	单位/英雄	SCV	SCV	ok_effective_combat_link	否	否	无	MapObjectInteract, MutatorRemoveWorkerSleep, TerranBuildFullRefund, AdvancedConstructionAuto, SprayTerran	无	stop, attack, move, Repair, SCVHarvest, TerranBuild, SprayTerran, GatherSpecialObject, CancelTerrazineHarvest, TerranBuildDrop, WorkerStopIdleAbilityVespene, MapObjectInteract, MutatorRemoveWorkerSleep, TerranBuildFullRefund, AdvancedConstructionAuto	FusionCutter	高级建造(AdvancedConstructionAuto)
雷诺	单位/英雄	Marine	Marine	ok_effective_combat_link	否	否	无	无	无	stop, attack, move, Stimpack	GuassRifle	使用强化剂(Stimpack)
雷诺	单位/英雄	Medic	Medic	noncombat_or_no_weapon	否	否	无	HealPlusMech	无	HealPlusMech	无	治疗(HealPlusMech)
雷诺	单位/英雄	Vulture	Vulture	noncombat_or_no_weapon	否	否	无	VehicleAfterburners	无	VehicleAfterburners	无	无
雷诺	单位/英雄	Firebat	Firebat	noncombat_or_no_weapon	否	否	无	StimpackMarauder	无	StimpackMarauder	无	使用强化剂(StimpackMarauder)
雷诺	单位/英雄	SCV	SCV	ok_effective_combat_link	否	否	无	MapObjectInteract, MutatorRemoveWorkerSleep, TerranBuildFullRefund, AdvancedConstructionAuto, SprayTerran	无	stop, attack, move, Repair, SCVHarvest, TerranBuild, SprayTerran, GatherSpecialObject, CancelTerrazineHarvest, TerranBuildDrop, WorkerStopIdleAbilityVespene, MapObjectInteract, MutatorRemoveWorkerSleep, TerranBuildFullRefund, AdvancedConstructionAuto	FusionCutter	高级建造(AdvancedConstructionAuto)
雷诺	单位/英雄	Viking	Viking	noncombat_or_no_weapon	否	否	无	无	无	无	无	无
雷诺	单位/英雄	Banshee	Banshee	ok_effective_combat_link	否	否	无	VehicleAfterburners	无	stop, attack, move, BansheeCloak, VehicleAfterburners	BacklashRockets	隐形(BansheeCloak), 取消隐形(BansheeCloak)
雷诺	单位/英雄	Marauder	Marauder	ok_effective_combat_link	否	否	无	无	无	stop, attack, move	PunisherGrenades	使用强化剂(StimpackMarauder)
雷诺	单位/英雄	Battlecruiser	Battlecruiser	ok_effective_combat_link	否	否	无	HyperjumpNoVision, VehicleAfterburners	SwitchLaserBattery, ATSLaserBatteryDummy, ATALaserBatteryDummy	BattlecruiserStop, BattlecruiserAttack, BattlecruiserMove, Yamato, que1, HyperjumpNoVision, DefensiveMatrix, Hyperjump, VehicleAfterburners	BattlecruiserWeaponSwitch, SwitchLaserBattery, ATSLaserBattery, ATALaserBattery, ATSLaserBatteryDummy, ATALaserBatteryDummy	大和炮(Yamato), 战术跳跃(Hyperjump)
雷诺	单位/英雄	SiegeTank	SiegeTank	ok_effective_combat_link	否	否	无	SiegeTankWreckage, VehicleAfterburners	90mmCannonsLookAt	stop, attack, move, SiegeMode, SiegeTankWreckage, VehicleAfterburners	90mmCannons, 90mmCannonsFake, 90mmCannonsLookAt	攻城模式(SiegeMode)
斯台特曼	单位/英雄	DroneStetmann	DroneStetmann	ok_effective_combat_link	否	否	无	stop, attack, move, ZergBuildStetmann, DroneHarvest, BurrowDroneDownStetmann, DroneCarcassHarvest, MapObjectInteract, MutatorRemoveWorkerSleep, SprayZerg, Repair	DroneSpinesStetmann	stop, attack, move, ZergBuildStetmann, DroneHarvest, BurrowDroneDownStetmann, SprayZerg, Repair, DroneCarcassHarvest, MapObjectInteract, MutatorRemoveWorkerSleep	DroneSpinesStetmann	变形为机械孵化场(ZergBuildStetmann), 变形为机械萃取房(ZergBuildStetmann), 变形为机械分裂池(ZergBuildStetmann), 变形为机械进化腔(ZergBuildStetmann), 变形为机械爆虫巢穴(ZergBuildStetmann), 变形为机械脊针爬虫(ZergBuildStetmann), 变形为机械孢子爬虫(ZergBuildStetmann), 变形为机械刺蛇巢(ZergBuildStetmann), 变形为机械感染深渊(ZergBuildStetmann), 变形为机械尖塔(ZergBuildStetmann), 变形为机械雷兽窟(ZergBuildStetmann)
斯台特曼	单位/英雄	GaryStetmann	GaryStetmann	ok_effective_combat_link	否	否	无	stop, attack, move, MorphToSuperGaryStetmann, GaryStetmannOrb, GaryStetmannRecall, GaryStetmannPowerTowerOverchargeSpeed, GaryStetmannPowerTowerOverchargeHealth, GaryStetmannPowerTowerOverchargeEnergy	GaryStetmannGun	stop, attack, move, MorphToSuperGaryStetmann, GaryStetmannOrb, GaryStetmannRecall, GaryStetmannPowerTowerOverchargeSpeed, GaryStetmannPowerTowerOverchargeHealth, GaryStetmannPowerTowerOverchargeEnergy	GaryStetmannGun	E-Gorb(GaryStetmannOrb), 艾星超载(GaryStetmannPowerTowerOverchargeEnergy), 半稳定物质传送(GaryStetmannRecall), 超级盖瑞变形程序(MorphToSuperGaryStetmann)
斯台特曼	单位/英雄	SuperGaryStetmann	SuperGaryStetmann	ok_effective_combat_link	否	否	无	stop, attack, move, SuperGaryStetmannOrb, SuperGaryStetmannRecall, SuperGaryStetmannPowerTowerOverchargeSpeed, SuperGaryStetmannPowerTowerOverchargeHealth, SuperGaryStetmannPowerTowerOverchargeEnergy, PowerFieldSuperGaryStetmannSpeed, PowerFieldSuperGaryStetmannHealth, PowerFieldSuperGaryStetmannEnergy	SuperGaryStetmannGun	stop, attack, move, SuperGaryStetmannOrb, SuperGaryStetmannRecall, SuperGaryStetmannPowerTowerOverchargeSpeed, SuperGaryStetmannPowerTowerOverchargeHealth, SuperGaryStetmannPowerTowerOverchargeEnergy, PowerFieldSuperGaryStetmannSpeed, PowerFieldSuperGaryStetmannHealth, PowerFieldSuperGaryStetmannEnergy	SuperGaryStetmannGun	E-Gorb(SuperGaryStetmannOrb), 艾星超载(SuperGaryStetmannPowerTowerOverchargeEnergy), 半稳定物质传送(SuperGaryStetmannRecall), 盖瑞区域(PowerFieldSuperGaryStetmannEnergy)
斯台特曼	单位/英雄	ZerglingStetmann	ZerglingStetmann	ok_effective_combat_link	否	否	无	stop, attack, move, que1, BurrowZerglingDownStetmann, MorphToBanelingStetmann	ZerglingClawsStetmann	stop, attack, move, que1, BurrowZerglingDownStetmann, MorphToBanelingStetmann	ZerglingClawsStetmann	变形为机械爆虫(MorphToBanelingStetmann), 潜地(BurrowZerglingDownStetmann)
斯台特曼	单位/英雄	BanelingStetmann	BanelingStetmann	ok_effective_combat_link	否	否	无	stop, attack, move, BurrowBanelingDownStetmann, BanelingStetmannExplode, VolatileBurstBuilding, BanelingStetmannJump	BanelingExplodeStetmann, BanelingExplodeBuildingStetmann	stop, attack, move, BurrowBanelingDownStetmann, BanelingStetmannExplode, VolatileBurstBuilding, BanelingStetmannJump	BanelingExplodeStetmann, BanelingExplodeBuildingStetmann	爆炸(BanelingStetmannExplode), 关闭对建筑攻击(VolatileBurstBuilding), 离心火箭伺服器(BanelingStetmannJump), 潜地(BurrowBanelingDownStetmann)
斯台特曼	单位/英雄	RoachStetmann	RoachStetmann	ok_effective_combat_link	否	否	无	stop, attack, move, BurrowRoachDownStetmann	RoachStetmannMelee, RoachStetmannAcidSaliva	stop, attack, move, BurrowRoachDownStetmann	RoachStetmannMelee, RoachStetmannAcidSaliva	RavagerStetmann(MorphToRavagerStetmann), 潜地(BurrowRoachDownStetmann)
斯台特曼	单位/英雄	RavagerStetmann	RavagerStetmann	ok_effective_combat_link	否	否	无	stop, attack, move, BurrowRavagerDownStetmann, RavagerStetmannCorrosiveBile	RavagerStetmannPlasmaDischarge	stop, attack, move, BurrowRavagerDownStetmann, RavagerStetmannCorrosiveBile	RavagerStetmannPlasmaDischarge	环境危害性喷发(RavagerStetmannCorrosiveBile), 潜地(BurrowRavagerDownStetmann)
斯台特曼	单位/英雄	HydraliskStetmann	HydraliskStetmann	ok_effective_combat_link	否	否	无	stop, attack, move, BurrowHydraliskDownStetmann, MorphToLurkerStetmann, HydraliskStetmannMissilePowerOn, HydraliskStetmannMissilePowerOff	HydraliskMelee, HydraliskHellfireMissilesStetmann, HydraliskNeedleSpinesStetmann	stop, attack, move, BurrowHydraliskDownStetmann, MorphToLurkerStetmann, HydraliskStetmannMissilePower, HydraliskStetmannMissilePowerOn, HydraliskStetmannMissilePowerOff	HydraliskMeleeStetmann, HydraliskHellfireMissilesEStetmann, HydraliskHellfireMissilesStetmann, HydraliskNeedleSpinesStetmann, HydraliskMelee	增威弹头：开(HydraliskStetmannMissilePowerOn), 增威弹头：关(HydraliskStetmannMissilePowerOff), 变形为机械潜伏者(MorphToLurkerStetmann), 潜地(BurrowHydraliskDownStetmann)
斯台特曼	单位/英雄	LurkerStetmann	LurkerStetmann	ok_effective_combat_link	否	否	无	stop, move, BurrowLurkerDownStetmann, FastBurrowLurkerDownStetmann, LurkerStetmannTunnelingBurst, LurkerStetmannChannelingSpines	LurkerStetmann	stop, move, BurrowLurkerDownStetmann, FastBurrowLurkerDownStetmann, LurkerStetmannTunnelingBurst, LurkerStetmannChannelingSpines	LurkerStetmann	恐怖钻击算法(LurkerStetmannTunnelingBurst), 集火强击算法(LurkerStetmannChannelingSpines), LurkerBurrowDown(BurrowLurkerDownStetmann)
斯台特曼	单位/英雄	LurkerStetmannBurrowed	LurkerStetmannBurrowed	ok_effective_combat_link	否	否	无	attack, BurrowLurkerUpStetmann, BurrowLurkerDownStetmann, stop, LurkerHoldFire, LurkerRemoveHoldFire, LurkerStetmannChannelingSpines, LurkerStetmannTunnelingBurst	LurkerStetmann	attack, BurrowLurkerUpStetmann, BurrowLurkerDownStetmann, stop, LurkerHoldFire, LurkerRemoveHoldFire, LurkerStetmannChannelingSpines, LurkerStetmannTunnelingBurst	LurkerStetmann	攻击(attack), 停火(LurkerHoldFire), 取消停火(LurkerRemoveHoldFire), 恐怖钻击算法(LurkerStetmannTunnelingBurst), 集火强击算法(LurkerStetmannChannelingSpines), 出地(BurrowLurkerUpStetmann)
斯台特曼	单位/英雄	InfestorStetmann	InfestorStetmann	noncombat_or_no_weapon	否	否	无	stop, move, BurrowInfestorDownStetmann, InfestorStetmannHealingTentacle, InfestorStetmannInfestBuilding, InfestorStetmannEggLaunch	无	stop, move, BurrowInfestorDownStetmann, InfestorStetmannHealingTentacle, InfestorStetmannInfestBuilding, InfestorStetmannEggLaunch	无	“蟑螂出击！”(InfestorStetmannEggLaunch), UMI-C充能协议(InfestorStetmannHealingTentacle), 解构型蟑螂机器人(InfestorStetmannInfestBuilding), 潜地(BurrowInfestorDownStetmann)
斯台特曼	单位/英雄	UltraliskStetmann	UltraliskStetmann	ok_effective_combat_link	否	否	无	stop, attack, move, BurrowUltraliskDownStetmann, UltraliskStetmannBurrowCharge, UltraliskWeaponCooldown, UltraliskStetmannMechanicalLifeLeech	UltraliskKaiserBladesStetmann	stop, attack, move, BurrowUltraliskDownStetmann, UltraliskStetmannBurrowCharge, UltraliskWeaponCooldown, UltraliskStetmannMechanicalLifeLeech	UltraliskKaiserBladesStetmann	定向潜地冲锋(UltraliskStetmannBurrowCharge), 机甲揩油模组(UltraliskStetmannMechanicalLifeLeech), 潜地(BurrowUltraliskDownStetmann)
斯台特曼	单位/英雄	CorruptorStetmann	CorruptorStetmann	ok_effective_combat_link	否	否	无	MorphToCBroodLordStetmann, stop, attack, move, CorruptorStetmannMissilePods, CorruptorStetmannCausticSpray	CorruptorParasiteSporeStetmann	MorphToCBroodLordStetmann, stop, attack, move, CorruptorStetmannMissilePods, CorruptorStetmannCausticSpray	CorruptorParasiteSporeStetmann	集束咆哮弹(CorruptorStetmannMissilePods), 泰伦超洁降解液(CorruptorStetmannCausticSpray), 变形为机械巢式战列空母(MorphToCBroodLordStetmann)
斯台特曼	单位/英雄	BroodLordStetmann	BroodLordStetmann	ok_effective_combat_link	否	否	无	stop, attack, move, BroodLordStetmannBomberMagazine, BroodLordHangarStetmann, FenixClolarionHangarQueue5, BroodLordStetmannYamatoGun, BroodLordStetmannBroodlingEscortArm, BroodLordStetmannBroodlingEscortArmAugment	BroodlingStrikeStetmann, InterceptorStetmannBeam	stop, attack, move, BroodLordStetmannBomberMagazine, BroodLordHangarStetmann, BroodLordStetmannYamatoGun, HangarQueue5, FenixClolarionHangarQueue5, BroodLordStetmannBroodlingEscortArm, BroodLordStetmannBroodlingEscortArmAugment	BroodlingStrikeStetmann, InterceptorStetmannBeam	准备机械巢虫(BroodLordStetmannBroodlingEscortArmAugment), 建造机械飞蝗截击机(BroodLordStetmannBomberMagazine), 斯台特曼炮(BroodLordStetmannYamatoGun)
斯台特曼	单位/英雄	OverseerStetmann	OverseerStetmann	noncombat_or_no_weapon	否	否	无	stop, move, SpawnChangeling, Contaminate, OverseerMorphtoOverseerSiegeStetmann	无	stop, move, OverseerMorphtoOverseerSiegeStetmann, SpawnChangeling, Contaminate	无	超距视界(OverseerMorphtoOverseerSiegeStetmann)
斯台特曼	单位/英雄	OverseerStetmannSiegeMode	OverseerStetmannSiegeMode	noncombat_or_no_weapon	否	否	无	stop, move, SpawnChangeling, Contaminate, OverseerSiegeMorphtoOverseerStetmann	无	stop, move, OverseerSiegeMorphtoOverseerStetmann, SpawnChangeling, Contaminate	无	取消超距视界(OverseerSiegeMorphtoOverseerStetmann)
斯托科夫	单位/英雄	SIInfestedCivilian	SIInfestedCivilian	ok_effective_combat_link	否	否	无	stop, attack, move, BurrowSIInfestedCivilianDown, StukovInfestedInfestedCivilianLeapAttack	SIInfestedCivilian	stop, attack, move, BurrowSIInfestedCivilianDown, StukovInfestedCivilianLeapAttack, SIStukovPlaceHordeMove, StukovInfestedInfestedCivilianLeapAttack	SIInfestedCivilian	潜地(BurrowSIInfestedCivilianDown)
斯托科夫	单位/英雄	SIInfestedMarine	SIInfestedMarine	ok_effective_combat_link	否	否	无	stop, BurrowSIInfestedMarineDown, attack, move	SIInfestedMarine	stop, attack, move, BurrowSIInfestedMarineDown, SIStukovPlaceHordeMove	SIInfestedMarine	潜地(BurrowSIInfestedMarineDown)
斯托科夫	单位/英雄	StukovInfestedSiegeTank	StukovInfestedSiegeTank	ok_effective_combat_link	否	否	无	stop, attack, StukovInfestedSiegeTankUproot, StukovInfestedSiegeTankDeepTunnel	StukovInfestedSiegeTank, StukovInfestedSiegeTankImpalerTentacle	stop, attack, StukovInfestedSiegeTankUproot, StukovInfestedSiegeTankDeepTunnel, StukovInfestedSiegeTankAmmoRestock, StukovInfestedSiegeTankAmmo	StukovInfestedSiegeTank, StukovInfestedSiegeTankImpalerTentacle	攻击(attack), 站起(StukovInfestedSiegeTankUproot), 深槽虫道(StukovInfestedSiegeTankDeepTunnel)
斯托科夫	单位/英雄	SIOverlord	SIOverlord	noncombat_or_no_weapon	否	否	无	stop, move, SIMorphToOverseer, GenerateCreepStukov	无	stop, move, TrainOverseerStukov, que1, OverlordTransportStukov, SIMorphToOverseer, GenerateCreepStukov	无	变异为眼虫(SIMorphToOverseer), 停止排放菌毯(GenerateCreepStukov)
斯托科夫	单位/英雄	StukovInfestedBanshee	StukovInfestedBanshee	ok_effective_combat_link	否	否	无	stop, attack, move, InfestedBansheeCloakingField, BurrowStukovInfestedBansheeDown, CommanderPrestigeStukovBansheeTransport, CommanderPrestigeStukovBansheesDeploy	StukovInfestedBacklashRockets	stop, attack, move, InfestedBansheeCloakingField, BurrowStukovInfestedBansheeDown, StukovBansheeTransport, StukovBansheesDeploy, CommanderPrestigeStukovBansheeTransport, CommanderPrestigeStukovBansheesDeploy	StukovInfestedBacklashRockets	远程部署(CommanderPrestigeStukovBansheesDeploy), 隐形(InfestedBansheeCloakingField), 取消隐形(InfestedBansheeCloakingField), 装载(CommanderPrestigeStukovBansheeTransport), 全部卸载(CommanderPrestigeStukovBansheeTransport), 潜地(BurrowStukovInfestedBansheeDown)
斯托科夫	单位/英雄	SILiberator	SILiberator	ok_effective_combat_link	否	否	无	stop, attack, move, SILiberatorSwarmFormLaunchAttack	SILiberator, SILiberatorSwarmFormPermanent, SILiberatorDummy	stop, attack, move, SILiberatorSwarmFormLaunchAttack	SILiberator, SILiberatorSwarmFormPermanent, SILiberatorDummy	无
斯托科夫	单位/英雄	StukovInfestedDiamondBack	StukovInfestedDiamondBack	ok_effective_combat_link	否	否	无	stop, attack, move, StukovInfestedDiamondbackSnare	StukovInfestedDiamondBack	stop, attack, move, StukovInfestedDiamondbackSnare	StukovInfestedDiamondBack	无
斯托科夫	单位/英雄	OverseerStukov	OverseerStukov	noncombat_or_no_weapon	否	否	无	无	无	stop, move, OverseerSiegeStukov	无	无
斯旺	单位/英雄	Cyclone	Cyclone	ok_effective_combat_link	否	否	无	CycloneWreckage	无	attack, stop, move, LockOnCancel, LockOn, CycloneWreckage	TyphoonMissilePod	锁定(LockOn), 取消(LockOnCancel), 锁定(LockOn), 取消(LockOnCancel)
斯旺	单位/英雄	HellionTank	HellionTank	ok_effective_combat_link	否	否	无	HellbatWreckage	无	stop, attack, move, MorphToHellion, HellbatWreckage	HellionTank	恶火模式(MorphToHellion)
斯旺	单位/英雄	Hercules	HerculesSwann	noncombat_or_no_weapon	否	否	无	无	无	stop, move, HerculesTransportSwann, HyperjumpSwann	无	战术跳跃(HyperjumpSwann)
斯旺	单位/英雄	ScienceVessel	ScienceVesselSwann	noncombat_or_no_weapon	否	否	无	无	无	stop, move, IrradiateSwann, NanoRepairSwann, DefensiveMatrixSwann, HyperjumpRSwann	无	战术跳跃(HyperjumpRSwann), NanoRepair(NanoRepairSwann), 防御矩阵(DefensiveMatrixSwann)
斯旺	单位/英雄	Hellion	Hellion	ok_effective_combat_link	否	否	无	HellionWreckage	无	stop, attack, move, MorphToHellionTank, HellionWreckage	InfernalFlameThrower	恶蝠模式(MorphToHellionTank)
斯旺	单位/英雄	Wraith	WraithSwann	noncombat_or_no_weapon	否	否	无	无	无	stop, attack, move, WraithCloakSwann	WraithASwann, WraithGSwann	无
斯旺	单位/英雄	SCV	SCV	ok_effective_combat_link	否	否	无	MapObjectInteract, MutatorRemoveWorkerSleep, TerranBuildFullRefund, AdvancedConstructionAuto, SprayTerran	无	stop, attack, move, Repair, SCVHarvest, TerranBuild, SprayTerran, GatherSpecialObject, CancelTerrazineHarvest, TerranBuildDrop, WorkerStopIdleAbilityVespene, MapObjectInteract, MutatorRemoveWorkerSleep, TerranBuildFullRefund, AdvancedConstructionAuto	FusionCutter	高级建造(AdvancedConstructionAuto)
斯旺	单位/英雄	Goliath	GoliathSwann	noncombat_or_no_weapon	否	否	无	无	无	stop, attack, move	GoliathASwann, GoliathGSwann	无
斯旺	单位/英雄	SiegeTank	SiegeTank	ok_effective_combat_link	否	否	无	SiegeTankWreckage, VehicleAfterburners	90mmCannonsLookAt	stop, attack, move, SiegeMode, SiegeTankWreckage, VehicleAfterburners	90mmCannons, 90mmCannonsFake, 90mmCannonsLookAt	攻城模式(SiegeMode)
斯旺	单位/英雄	ThorSwann	ThorSwann	noncombat_or_no_weapon	否	否	无	无	无	stop, attack, move, 330mmBarrageCannonsSwann	JavelinMissileLaunchersSwann, ThorsHammerSwann	无
泰凯斯	单位/英雄	TychusCoop	TychusCoop	ok_effective_combat_link	否	否	无	stop, move, attack, TychusShredderGrenade	TychusCoopChaingun	stop, move, attack, TychusShredderGrenade, TychusACBandofBrothers	TychusCoopChaingun, ##id##	粉碎者手雷(TychusShredderGrenade), 红色按钮(TychusOdinNuclearStrike)
泰凯斯	单位/英雄	TychusGhost	TychusGhost	ok_effective_combat_link	否	否	无	stop, move, attack, TychusGhostDominate, TychusGhostPsychicSnare	##id##	stop, move, attack, TychusGhostDominate, TychusGhostPsychicSnare	##id##	支配(TychusGhostDominate), 灵能投射器(TychusGhostPsychicSnare), 红色按钮(TychusOdinNuclearStrike)
泰凯斯	单位/英雄	TychusMedic	TychusMedic	ok_effective_combat_link	否	否	无	stop, move, attack, TychusMedivacHealPlusMech, TychusMedicDefensiveMatrix, TychusMedicAoE, TychusMedivacDoubleHealPlusMech	##id##	stop, move, attack, TychusMedivacHealPlusMech, TychusMedicDefensiveMatrix, TychusMedicAoE, TychusMedivacDoubleHealPlusMech	##id##	活力喷发(TychusMedicAoE), XM-77型矩阵发生器(TychusMedicDefensiveMatrix), 超级治疗(TychusMedivacDoubleHealPlusMech), 红色按钮(TychusOdinNuclearStrike)
泰凯斯	单位/英雄	TychusFirebat	TychusFirebat	ok_effective_combat_link	否	否	无	stop, move, attack, TychusFirebatOilBomb	TychusFirebatFlameThrower	stop, move, attack, TychusFirebatOilBomb	TychusFirebatFlameThrower, ##id##	浮油(TychusFirebatOilBomb), 红色按钮(TychusOdinNuclearStrike)
泰凯斯	单位/英雄	TychusHERC	TychusHERC	ok_effective_combat_link	否	否	无	stop, move, attack, TychusHercGrapple	##id##, TychusHERCWeapon	stop, move, attack, TychusHercGrapple	TychusHERCWeapon, ##id##	猛烈撞击(TychusHercGrapple), 红色按钮(TychusOdinNuclearStrike)
泰凯斯	单位/英雄	TychusSpectre	TychusSpectre	ok_effective_combat_link	否	否	无	stop, move, attack, TychusSpectreUltrasonicPulse	##id##	stop, move, attack, TychusSpectreUltrasonicPulse	##id##	超声波脉冲(TychusSpectreUltrasonicPulse), 红色按钮(TychusOdinNuclearStrike)
泰凯斯	单位/英雄	TychusWarhound	TychusWarhound	ok_effective_combat_link	否	否	无	stop, move, attack, TychusWarhoundTornadoSprayMissile, TychusWarhoundBuildAutoTurret, TychusWarhoundResearch	TychusWarhoundRailgun	stop, move, attack, TychusWarhoundTornadoSprayMissile, TychusWarhoundBuildAutoTurret, TychusWarhoundResearch	TychusWarhoundRailgun, ##id##	部署战狼炮台(TychusWarhoundBuildAutoTurret), SA-55型霹雳飞弹(TychusWarhoundTornadoSprayMissile), 红色按钮(TychusOdinNuclearStrike)
泰凯斯	单位/英雄	TychusReaper	TychusReaper	ok_effective_combat_link	否	否	无	stop, move, attack, TychusReaperBomb, TychusReaperSuperCloak	TychusP38ScytheGuassPistol	stop, move, attack, TychusReaperBomb, TychusReaperSuperCloak	TychusP38ScytheGuassPistol, ##id##	爆破炸弹(TychusReaperBomb), 普罗希昂遮光服(TychusReaperSuperCloak), 红色按钮(TychusOdinNuclearStrike)
泰凯斯	单位/英雄	TychusMarauder	TychusMarauder	ok_effective_combat_link	否	否	无	stop, move, attack, TychusMarauderSuperStimpack, TychusMarauderBuildHealingWard	##id##, TychusPunisherGrenades	stop, move, attack, TychusMarauderSuperStimpack, TychusMarauderBuildHealingWard	TychusPunisherGrenades, ##id##	部署恢复器(TychusMarauderBuildHealingWard), 秘密储备强化剂(TychusMarauderSuperStimpack), 红色按钮(TychusOdinNuclearStrike)
泰凯斯	单位/英雄	Marauder	Marauder	ok_effective_combat_link	否	否	无	无	无	stop, attack, move	PunisherGrenades	使用强化剂(StimpackMarauder)
泰凯斯	单位/英雄	TychusSCV	TychusSCV	ok_effective_combat_link	否	否	无	stop, attack, move, Repair, SCVHarvest, TychusTerranBuild, MapObjectInteract, MutatorRemoveWorkerSleep, TerranBuildFullRefund, SprayTerran	FusionCutter	stop, attack, move, Repair, SCVHarvest, TychusTerranBuild, SprayTerran, MapObjectInteract, MutatorRemoveWorkerSleep, TerranBuildFullRefund	FusionCutter	采集(SCVHarvest), 建造指挥中心(TychusTerranBuild), 建造精炼厂(TychusTerranBuild), 建造乔伊·雷酒吧(TychusTerranBuild), 建造工程站(TychusTerranBuild), 制造自动机炮(TychusTerranBuild), 建造枪王藏身处(TychusTerranBuild), 建造猛男军械库(TychusTerranBuild), 建造鬼手安全屋(TychusTerranBuild), 建造医疗运输机平台(TychusTerranBuild)
沃拉尊	单位/英雄	DarkTemplarShakuras	DarkTemplarShakuras	ok_effective_combat_link	否	否	无	DarkTemplarVoidStasis, DarkArchonMerge, DarkTemplarShadowDash	无	stop, attack, move, Warpable, BuildInProgress, ProgressRally, DarkTemplarBlink, DarkTemplarShadowFury, DarkTemplarVoidStasis, DarkArchonMerge, DarkTemplarShadowDash	WarpBlades	VoidDarkTemplarShadowFury(DarkTemplarShadowFury), 闪现(DarkTemplarShadowDash)
沃拉尊	单位/英雄	Oracle	Oracle	ok_effective_combat_link	否	否	无	无	无	stop, move, OracleRevelation, Warpable, attack, OracleWeapon, OracleStasisTrapBuild	Oracle	天启(OracleRevelation), 静滞结界(OracleStasisTrapBuild), 激活脉冲光线(OracleWeapon), 天启(OracleRevelation), 激活脉冲光线(OracleWeapon)
沃拉尊	单位/英雄	CorsairMP	CorsairMP	ok_effective_combat_link	否	否	无	无	无	stop, attack, move, Warpable, CorsairMPDisruptionWeb, ProgressRally	NeutronFlare	干扰网(CorsairMPDisruptionWeb)
沃拉尊	单位/英雄	Zealot	Zealot	ok_effective_combat_link	否	否	无	无	无	stop, attack, move, Warpable, ProgressRally, Charge	PsiBlades	冲锋(Charge)
沃拉尊	单位/英雄	ZealotShakuras	ZealotShakuras	ok_effective_combat_link	否	否	无	无	无	stop, attack, move, Warpable, ProgressRally, ShadowCharge, ShadowChargeStun	CenturionWarpBlades	无
沃拉尊	单位/英雄	Stalker	Stalker	ok_effective_combat_link	否	否	无	BlinkSlayer	无	stop, move, attack, Warpable, ProgressRally, Blink, BlinkSlayer	ParticleDisruptors	闪现(Blink)
沃拉尊	单位/英雄	VoidRay	VoidRay	ok_effective_combat_link	否	否	无	无	无	stop, attack, move, VoidRaySwarmDamageBoost, Warpable, VoidRaySwarmDamageBoostCancel	VoidRayChargeBeamBase, VoidRaySwarmDisplayDummy	校准棱镜(VoidRaySwarmDamageBoost)
沃拉尊	单位/英雄	DarkArchon	DarkArchon	ok_effective_combat_link	否	否	无	FeedbackArchon, PsiStormArchon, DarkArchonMindControl, DarkArchonConfusion	DarkArchonWeapon	stop, attack, move, Mergeable, ProgressRally, Warpable, FeedbackArchon, PsiStormArchon, DarkArchonMergeable, DarkArchonMindControl, DarkArchonConfusion	PsionicShockwave, DarkArchonWeapon	无
扎加拉	单位/英雄	ZagaraVoidCoop	ZagaraVoidCoop	ok_effective_combat_link	否	否	无	attack, stop, move, ZagaraVoidCoopBanelingBarrage, ZagaraVoidCoopSpawnBroodlings, ZagaraVoidCoopCreepMaster, ZagaraVoidCoopSpawnHunterKillers, ZagaraVoidCoopSpawnMutalisk, ZagaraVoidCoopMassFrenzy, ZagaraVoidCoopWildInfestation, ZagaraVoidCoopDeepTunnel, ZagaraVoidCoopNydusWorm, ZagaraVoidCoopTransfusionWave, ZagaraVoidCoopDevouringMaw, ZagaraVoidCoopBurrow, ZagaraVoidCoopMassRoachDrop, CommanderPrestigeZagaraZagaraDeepTunnel	ZagaraVoidCoopRanged	attack, stop, move, ZagaraVoidCoopBanelingBarrage, ZagaraVoidCoopSpawnBroodlings, ZagaraVoidCoopCreepMaster, ZagaraVoidCoopSpawnHunterKillers, ZagaraVoidCoopSpawnMutalisk, ZagaraVoidCoopMassFrenzy, ZagaraVoidCoopWildInfestation, ZagaraVoidCoopDeepTunnel, ZagaraVoidCoopNydusWorm, ZagaraVoidCoopTransfusionWave, ZagaraVoidCoopDevouringMaw, ZagaraVoidCoopBurrow, ZagaraVoidCoopMassRoachDrop, CommanderPrestigeZagaraZagaraDeepTunnel	ZagaraVoidCoopRanged	深槽虫道(CommanderPrestigeZagaraZagaraDeepTunnel), ZagaraVoidCoopBanelingBarrage(ZagaraVoidCoopBanelingBarrage), ZagaraVoidCoopSpawnHunterKillers(ZagaraVoidCoopSpawnHunterKillers), 群体狂暴(ZagaraVoidCoopMassFrenzy), 潜地(ZagaraVoidCoopBurrow)
扎加拉	单位/英雄	InfestedAbomination	InfestedAbomination	noncombat_or_no_weapon	否	否	无	无	无	无	无	无
扎加拉	单位/英雄	Baneling	Baneling	ok_effective_combat_link	否	否	无	Explode	无	stop, attack, move, BurrowBanelingDown, VolatileBurstBuilding, ExplodeHeal, Explode	HotSBanelingExplode, VolatileBurstBuilding, HotSBanelingExplodeBuilding, HotSBanelingDummy	爆炸(Explode), 开启对建筑攻击(VolatileBurstBuilding), 潜地(BurrowBanelingDown), 出地(BurrowBanelingUp)
扎加拉	单位/英雄	Corruptor	Corruptor	ok_effective_combat_link	否	否	无	CausticSpray	无	CausticSpray, MorphToBroodLord, stop, attack, move	ParasiteSpore	腐化(Corruption), 变异为巢虫领主(MorphToBroodLord), 腐蚀喷液(CausticSpray), 腐蚀喷液(CausticSpray)
扎加拉	单位/英雄	Scourge	Scourge	ok_effective_combat_link	否	否	无	ScourgeDetonate, SuicideBuilding	SuicideBuilding	ScourgeDetonate, SuicideBuilding	SuicideBuilding	引爆(ScourgeDetonate), 关闭对建筑攻击(SuicideBuilding)
扎加拉	单位/英雄	SwarmQueen	SwarmQueen	ok_effective_combat_link	否	否	无	无	无	stop, attack, move, BurrowSwarmQueenDown, SwarmQueenTrain, SwarmQueenParasiticInvasion, MorphToLargeSwarmQueen, que1	SwarmQueenAcidSpines	无
扎加拉	单位/英雄	Zergling	ZagaraZergling	ok_effective_combat_link	否	否	无	MorphToBaneling	无	stop, attack, move, que1, BurrowZerglingDown, MorphToBaneling	Claws	变异为爆虫(MorphToBaneling), 潜地(BurrowZerglingDown), 出地(BurrowZerglingUp)
扎加拉	单位/英雄	Overseer	Overseer	noncombat_or_no_weapon	否	否	无	OverseerMorphtoOverseerSiege	无	stop, move, SpawnChangeling, Contaminate, ColonyInfestation, OverseerMorphtoOverseerSiegeMode, OverseerMorphtoOverseerSiege	无	无
泽拉图	单位/英雄	ZeratulDisruptor	ZeratulDisruptor	ok_effective_combat_link	否	否	无	stop, move, attack	ZeratulDisruptorWeapon	stop, move, attack	ZeratulDisruptorWeapon	净化新星(attack)
泽拉图	单位/英雄	ZeratulImmortal	ZeratulImmortal	ok_effective_combat_link	否	否	无	stop, attack, move, WarpableAnywhere, ProgressRally, ZeratulImmortalBarrierBase	ZeratulPhaseDisruptorsAir, ZeratulPhaseDisruptors, ZeratulPhaseDisruptorsLookAt	stop, attack, move, WarpableAnywhere, ProgressRally, ZeratulImmortalBarrierBase	ZeratulPhaseDisruptorsAir, ZeratulPhaseDisruptors, ZeratulPhaseDisruptorsLookAt	ImmortalBarrierBase(ZeratulImmortalBarrierBase)
泽拉图	单位/英雄	Observer	Observer	ok_effective_combat_link	否	否	无	attack, Warpable, ObserverMorphtoObserverSiege	无	stop, move, ObserverMorphtoObserverSiege, attack, Warpable	无	监察模式(ObserverMorphtoObserverSiege), 监察模式(ObserverMorphtoObserverSiege)
泽拉图	单位/英雄	ZeratulObserver	ZeratulObserver	ok_effective_combat_link	否	否	无	stop, move, attack, WarpableAnywhere, ZeratulObserverMorphtoZeratulObserverSiege	无	stop, move, attack, WarpableAnywhere, ZeratulObserverMorphtoZeratulObserverSiege	无	监察模式(ZeratulObserverMorphtoZeratulObserverSiege)
泽拉图	单位/英雄	ZeratulSentry	ZeratulSentry	ok_effective_combat_link	否	否	无	attack, stop, move, WarpableAnywhere, ZeratulReflectionShield, ProgressRally, BuildInProgress, ZeratulSentryShieldRepair	ZeratulDisruptionBeam	attack, stop, move, WarpableAnywhere, ZeratulReflectionShield, ProgressRally, BuildInProgress, ZeratulSentryShieldRepair	ZeratulDisruptionBeam	VoidSentryShieldRepair(ZeratulSentryShieldRepair), 反射护盾(ZeratulReflectionShield)
泽拉图	单位/英雄	ZeratulStalker	ZeratulStalker	ok_effective_combat_link	否	否	无	stop, move, attack, WarpableAnywhere, ProgressRally, ZeratulStalkerBlink	ZeratulParticleDisruptors	stop, move, attack, WarpableAnywhere, ProgressRally, ZeratulStalkerBlink	ZeratulParticleDisruptors	预判闪现(ZeratulStalkerBlink)
泽拉图	单位/英雄	ZeratulWarpPrism	ZeratulWarpPrism	noncombat_or_no_weapon	否	否	无	stop, move, ZeratulPhasingMode, WarpableAnywhere, ZeratulWarpPrismTransport, ZeratulWarpPrismSelectVoidRift	无	stop, move, ZeratulPhasingMode, WarpableAnywhere, ZeratulWarpPrismTransport, ZeratulWarpPrismSelectVoidRift	无	虫洞模式(ZeratulPhasingMode), 选择虫洞出口(ZeratulWarpPrismSelectVoidRift)
泽拉图	单位/英雄	ZeratulSummonZealot	ZeratulSummonZealot	ok_effective_combat_link	否	否	无	stop, attack, move, ZeratulCharge, ZeratulZealotWhirlwind, WarpableZeratul, RallyZeratulTopBar	SolariteReaper	stop, attack, move, ZeratulCharge, ZeratulZealotWhirlwind, WarpableZeratul, RallyZeratulTopBar	SolariteReaper	冲锋(ZeratulCharge), VoidZealotWhirlwind(ZeratulZealotWhirlwind)
阿巴瑟	建筑	SpineCrawler	SpineCrawler	ok_effective_combat_link	否	否	无	无	无	BuildInProgress, stop, attack, SpineCrawlerUproot	ImpalerTentacle	攻击(attack), 站起(SpineCrawlerUproot)
阿巴瑟	建筑	SporeCrawler	SporeCrawler	ok_effective_combat_link	否	否	无	无	无	BuildInProgress, stop, attack, SporeCrawlerUproot	AcidSpew	攻击(attack), 站起(SporeCrawlerUproot)
阿巴瑟	建筑	NydusNetwork	NydusNetwork	noncombat_or_no_weapon	否	否	无	RallyNydus	无	stop, RallyNydus, BuildInProgress, NydusCanalTransport, BuildNydusCanal	无	无
阿拉纳克	建筑	Gateway	Gateway	noncombat_or_no_weapon	否	否	无	que5notPassive	无	BuildInProgress, que5notPassive, GatewayTrain, Rally, UpgradeToWarpGate, GatewayTrainAI, UpgradeToWarpGateInstant	无	折跃死徒(GatewayTrain), 折跃保护者(GatewayTrain), 折跃追猎者(GatewayTrain), 折跃使徒(GatewayTrain), 折跃黑暗圣堂武士(GatewayTrain), 变形为折跃门(UpgradeToWarpGate)
阿拉纳克	建筑	PhotonCannon	PhotonCannon	ok_effective_combat_link	否	否	无	无	无	BuildInProgress, stop, attack	PhotonCannon	攻击(attack)
阿拉纳克	建筑	TwilightCouncil	TwilightCouncil	noncombat_or_no_weapon	否	否	无	无	无	BuildInProgress, que5, TwilightCouncilResearch, ChampionWarpTrain	无	研究鲜血护盾(TwilightCouncilResearch), 研究奇点充能(TwilightCouncilResearch), 研究旋风斩(TwilightCouncilResearch), 研究黑暗缠绕(TwilightCouncilResearch)
阿塔尼斯	建筑	Gateway	Gateway	noncombat_or_no_weapon	否	否	无	que5notPassive	无	BuildInProgress, que5notPassive, GatewayTrain, Rally, UpgradeToWarpGate, GatewayTrainAI, UpgradeToWarpGateInstant	无	折跃死徒(GatewayTrain), 折跃保护者(GatewayTrain), 折跃追猎者(GatewayTrain), 折跃使徒(GatewayTrain), 折跃黑暗圣堂武士(GatewayTrain), 变形为折跃门(UpgradeToWarpGate)
阿塔尼斯	建筑	PhotonCannon	PhotonCannon	ok_effective_combat_link	否	否	无	无	无	BuildInProgress, stop, attack	PhotonCannon	攻击(attack)
阿塔尼斯	建筑	RoboticsBay	RoboticsBay	noncombat_or_no_weapon	否	否	无	无	无	BuildInProgress, RoboticsBayResearch, que5	无	研究聚变迫击炮(RoboticsBayResearch)
阿塔尼斯	建筑	RoboticsFacilityWarp	RoboticsFacilityWarp	noncombat_or_no_weapon	否	否	无	无	无	BuildInProgress, RoboticsFacilityWarpTrain, RoboticsFacilityWarpTrainAI, MorphBackToRoboticsFacility	无	折跃侦测器(RoboticsFacilityWarpTrain), MorphBackToRoboticsFacility(MorphBackToRoboticsFacility)
阿塔尼斯	建筑	TwilightCouncil	TwilightCouncil	noncombat_or_no_weapon	否	否	无	无	无	BuildInProgress, que5, TwilightCouncilResearch, ChampionWarpTrain	无	研究鲜血护盾(TwilightCouncilResearch), 研究奇点充能(TwilightCouncilResearch), 研究旋风斩(TwilightCouncilResearch), 研究黑暗缠绕(TwilightCouncilResearch)
德哈卡	建筑	DehakaHatchery	DehakaHatchery	noncombat_or_no_weapon	否	否	无	DehakaHatcheryUproot, stop, PrimalBuildInProgress, DehakaHatcheryTrainEgg, que5Passive, RallyCommand, DehakaHatcheryBuild, DehakaHatcheryResearch	无	DehakaHatcheryUproot, stop, PrimalBuildInProgress, DehakaHatcheryTrainEgg, que5Passive, RallyCommand, DehakaHatcheryBuild, DehakaHatcheryResearch	无	孵化原始工蜂(DehakaHatcheryTrainEgg), 变异萃取房(DehakaHatcheryBuild), 设定工蜂集结点(RallyCommand), 进化原始攻击等级3(DehakaHatcheryResearch), 进化原始甲壳等级3(DehakaHatcheryResearch), PrimalBuildingUproot(DehakaHatcheryUproot)
德哈卡	建筑	DehakaAirTownHall	DehakaAirTownHall	ok_effective_combat_link	否	否	无	DehakaAirTownHallUproot, attack, stop, BuildInProgress, DehakaTownHallTrain, que5Passive, Rally	DehakaTownHallBaseWeapon	DehakaAirTownHallUproot, attack, stop, BuildInProgress, DehakaTownHallTrain, que5Passive, Rally	DehakaTownHallBaseWeapon	攻击(attack), DehakaMutalisk(DehakaTownHallTrain), DehakaGuardian(DehakaTownHallTrain), DehakaViper(DehakaTownHallTrain), PrimalBuildingUproot(DehakaAirTownHallUproot)
德哈卡	建筑	DehakaBarracks	DehakaBarracks	noncombat_or_no_weapon	否	否	无	DehakaBarracksUproot, stop, PrimalBuildInProgress, DehakaBarracksTrainEgg, que1, Rally	无	DehakaBarracksUproot, stop, PrimalBuildInProgress, DehakaBarracksTrainEgg, que1, Rally	无	孵化原始跳虫(DehakaBarracksTrainEgg), 孵化原始蟑螂(DehakaBarracksTrainEgg), 孵化原始刺蛇(DehakaBarracksTrainEgg), 孵化原始宿主(DehakaBarracksTrainEgg), 孵化原始雷兽(DehakaBarracksTrainEgg), PrimalBuildingUproot(DehakaBarracksUproot)
德哈卡	建筑	DehakaGlevigStructure	DehakaGlevigStructure	noncombat_or_no_weapon	否	否	无	PrimalBuildInProgress, que5, DehakaGlevigResearch	无	PrimalBuildInProgress, que5, DehakaGlevigResearch	无	进化神经胶原重组(DehakaGlevigResearch), 进化肌腱扩增(DehakaGlevigResearch)
德哈卡	建筑	DehakaMurvarStructure	DehakaMurvarStructure	noncombat_or_no_weapon	否	否	无	PrimalBuildInProgress, DehakaMurvarResearch, que5	无	PrimalBuildInProgress, DehakaMurvarResearch, que5	无	无
德哈卡	建筑	DehakaDakrunStructure	DehakaDakrunStructure	noncombat_or_no_weapon	否	否	无	PrimalBuildInProgress, DehakaDakrunStructureLearn, DehakaDakrunResearch, que5	无	PrimalBuildInProgress, DehakaDakrunStructureLearn, DehakaDakrunResearch, que5	无	进化野蛮冲锋(DehakaDakrunResearch), 进化治疗适性(DehakaDakrunResearch)
德哈卡	建筑	DehakaNydusDestroyer	DehakaNydusDestroyer	ok_effective_combat_link	否	否	无	BuildInProgress, stop, attack, move, NydusDestroyerDeepTunnel, NydusDestroyerBeam	DehakaNydusDestroyerWeapon	BuildInProgress, stop, attack, move, NydusDestroyerDeepTunnel, NydusDestroyerBeam	DehakaNydusDestroyerWeapon	攻击(attack)
菲尼克斯	建筑	Gateway	Gateway	noncombat_or_no_weapon	否	否	无	que5notPassive	无	BuildInProgress, que5notPassive, GatewayTrain, Rally, UpgradeToWarpGate, GatewayTrainAI, UpgradeToWarpGateInstant	无	折跃死徒(GatewayTrain), 折跃保护者(GatewayTrain), 折跃追猎者(GatewayTrain), 折跃使徒(GatewayTrain), 折跃黑暗圣堂武士(GatewayTrain), 变形为折跃门(UpgradeToWarpGate)
菲尼克斯	建筑	PhotonCannon	PhotonCannon	ok_effective_combat_link	否	否	无	无	无	BuildInProgress, stop, attack	PhotonCannon	攻击(attack)
菲尼克斯	建筑	RoboticsBay	RoboticsBay	noncombat_or_no_weapon	否	否	无	无	无	BuildInProgress, RoboticsBayResearch, que5	无	研究聚变迫击炮(RoboticsBayResearch)
菲尼克斯	建筑	TwilightCouncil	TwilightCouncil	noncombat_or_no_weapon	否	否	无	无	无	BuildInProgress, que5, TwilightCouncilResearch, ChampionWarpTrain	无	研究鲜血护盾(TwilightCouncilResearch), 研究奇点充能(TwilightCouncilResearch), 研究旋风斩(TwilightCouncilResearch), 研究黑暗缠绕(TwilightCouncilResearch)
霍纳与汉	建筑	MercenarySpaceStationMira	MercenarySpaceStationMira	noncombat_or_no_weapon	否	否	无	无	无	MercSpaceStationHangarMira	无	无
霍纳与汉	建筑	MissileTurretMira	MissileTurretMira	noncombat_or_no_weapon	否	否	无	无	无	BuildInProgress, stop, attack, SalvageSharedMira	LongboltMissileMira	无
凯拉克斯	建筑	Gateway	Gateway	noncombat_or_no_weapon	否	否	无	que5notPassive	无	BuildInProgress, que5notPassive, GatewayTrain, Rally, UpgradeToWarpGate, GatewayTrainAI, UpgradeToWarpGateInstant	无	折跃死徒(GatewayTrain), 折跃保护者(GatewayTrain), 折跃追猎者(GatewayTrain), 折跃使徒(GatewayTrain), 折跃黑暗圣堂武士(GatewayTrain), 变形为折跃门(UpgradeToWarpGate)
凯拉克斯	建筑	PhotonCannon	PhotonCannon	ok_effective_combat_link	否	否	无	无	无	BuildInProgress, stop, attack	PhotonCannon	攻击(attack)
凯拉克斯	建筑	ShieldBattery	ShieldBattery	noncombat_or_no_weapon	否	否	无	ShieldBatteryStructureBarrier	无	BuildInProgress, ShieldBatteryRechargeEx5, ShieldBatteryStructureBarrier	无	恢复(ShieldBatteryRechargeEx5), 恢复(ShieldBatteryRechargeEx5)
凯拉克斯	建筑	SolarForge	SolarForge	noncombat_or_no_weapon	否	否	无	BuildInProgress, que5Passive, SolarForgeResearch, BrokenSolarForge	无	BuildInProgress, que5Passive, SolarForgeResearch, BrokenSolarForge	无	损坏的太阳锻炉(BrokenSolarForge)
凯拉克斯	建筑	TwilightCouncil	TwilightCouncil	noncombat_or_no_weapon	否	否	无	无	无	BuildInProgress, que5, TwilightCouncilResearch, ChampionWarpTrain	无	研究鲜血护盾(TwilightCouncilResearch), 研究奇点充能(TwilightCouncilResearch), 研究旋风斩(TwilightCouncilResearch), 研究黑暗缠绕(TwilightCouncilResearch)
凯拉克斯	建筑	KhaydarinMonolith	KhaydarinMonolith	ok_effective_combat_link	否	否	无	无	无	BuildInProgress, stop, attack	KhaydarinBeam1Pr, KhaydarinBeam1, KhaydarinBeam3, KhaydarinBeam1Upgraded, KhaydarinBeam3Upgraded, KhaydarinBeam	无
凯瑞甘	建筑	NydusNetwork	NydusNetwork	noncombat_or_no_weapon	否	否	无	RallyNydus	无	stop, RallyNydus, BuildInProgress, NydusCanalTransport, BuildNydusCanal	无	召唤坑道虫(BuildNydusCanal), 召唤虫道毁灭者(BuildNydusCanal), 召唤菌塔(BuildNydusCanal), 召唤坑道虫(BuildNydusCanal), 装载(NydusCanalTransport)
凯瑞甘	建筑	SpineCrawler	SpineCrawler	ok_effective_combat_link	否	否	无	无	无	BuildInProgress, stop, attack, SpineCrawlerUproot	ImpalerTentacle	攻击(attack), 站起(SpineCrawlerUproot)
凯瑞甘	建筑	SporeCrawler	SporeCrawler	ok_effective_combat_link	否	否	无	无	无	BuildInProgress, stop, attack, SporeCrawlerUproot	AcidSpew	攻击(attack), 站起(SporeCrawlerUproot)
凯瑞甘	建筑	GreaterNydusWorm	GreaterNydusWorm	noncombat_or_no_weapon	否	否	无	RallyNydus, BuildinProgressNydusCanal, GreaterNydusWormTransport, stop	无	Rally, BuildinProgressNydusCanal, GreaterNydusWormTransport, stop, RallyNydus	无	无
蒙斯克	建筑	CommandCenterMengsk	CommandCenterMengsk	noncombat_or_no_weapon	否	否	无	BuildInProgress, CommandCenterMengskQueue, CommandCenterMengskTrain, CommandCenterMengskTrainWithAlerts, CommandCenterMengskRally, SCVMengskEnlistNearby, TrooperMengskEnlistNearby, CommandCenterMengskLiftOff	无	BuildInProgressMengsk, CommandCenterMengskQueue, CommandCenterMengskTrain, CommandCenterMengskTrainWithAlerts, CommandCenterMengskRally, CommandCenterMengskLiftOff, BuildInProgress, SCVMengskEnlistNearby, TrooperMengskEnlistNearby	无	征召帝国劳工(CommandCenterMengskTrain), 征召冲锋队(CommandCenterMengskTrainWithAlerts), 升级为行星要塞(UpgradeToPlanetaryFortress), 工地召唤(TrooperMengskEnlistNearby), 战斗召唤(SCVMengskEnlistNearby), 设置劳工集结点(CommandCenterMengskRally), 设置冲锋队集结点(CommandCenterMengskRally)
蒙斯克	建筑	BunkerDepotMengsk	BunkerDepotMengsk	noncombat_or_no_weapon	否	否	无	BuildInProgress, BunkerMengskTransport, BunkerMengskSalvage, Rally, StimpackMengskRedirect, StopRedirect, AttackRedirect, SCVMengskEnlistNearby, TrooperMengskEnlistNearby	无	BuildInProgressMengsk, BunkerMengskTransport, BunkerMengskSalvage, Rally, StopRedirect, AttackRedirect, BuildInProgress, StimpackMengskRedirect, SCVMengskEnlistNearby, TrooperMengskEnlistNearby	无	攻击(AttackRedirect), 工地召唤(TrooperMengskEnlistNearby), 战斗召唤(SCVMengskEnlistNearby), 装载(BunkerMengskTransport), 全部卸载(BunkerMengskTransport)
蒙斯克	建筑	MissileTurretMengsk	MissileTurretMengsk	ok_effective_combat_link	否	否	无	BuildInProgress, stop, attack, que1, SalvageSharedMengsk	MissileTurretMengskMissile	BuildInProgressMengsk, stop, attack, que1, SalvageSharedMengsk, BuildInProgress	MissileTurretMengskMissile	攻击(attack), 回收(SalvageSharedMengsk)
蒙斯克	建筑	BarracksMengsk	BarracksMengsk	noncombat_or_no_weapon	否	否	无	BuildInProgress, que5, BarracksMengskTrain, Rally, BarracksMengskAddOns, BarracksMengskLiftOff	无	BuildInProgressMengsk, que5, BarracksMengskTrain, Rally, BarracksMengskAddOns, BarracksMengskLiftOff, BuildInProgress	无	训练壁垒卫士(BarracksMengskTrain), 训练元首鬼影(BarracksMengskTrain)
蒙斯克	建筑	FactoryMengsk	FactoryMengsk	noncombat_or_no_weapon	否	否	无	BuildInProgress, que5, FactoryMengskTrain, FactoryMengskAddOns, Rally, FactoryMengskLiftOff, TrainKorhalMercenaries	无	BuildInProgressMengsk, que5, FactoryMengskTrain, Rally, FactoryMengskLiftOff, BuildInProgress, FactoryMengskAddOns, TrainKorhalMercenaries	无	建造冲击分队(FactoryMengskTrain), 建造黑色战锤(FactoryMengskTrain)
蒙斯克	建筑	StarportMengsk	StarportMengsk	noncombat_or_no_weapon	否	否	无	BuildInProgress, que5, StarportMengskTrain, Rally, StarportMengskLiftOff	无	BuildInProgressMengsk, que5, StarportMengskTrain, Rally, StarportMengskLiftOff, BuildInProgress	无	建造天空之怒(StarportMengskTrain), 建造帝国仲裁机(StarportMengskTrain), 建造帝国见证者(StarportMengskTrain), 建造奥古斯格勒的骄傲(StarportMengskTrain)
蒙斯克	建筑	EngineeringBayMengsk	EngineeringBayMengsk	noncombat_or_no_weapon	否	否	无	BuildInProgress, que5, EngineeringBayMengskResearch	无	BuildInProgressMengsk, que5, EngineeringBayMengskResearch, BuildInProgress	无	升级帝国武器等级3(EngineeringBayMengskResearch), 升级帝国装甲等级3(EngineeringBayMengskResearch), 研究冲锋队高空轨道空投舱(EngineeringBayMengskResearch), 研究精钢强化装甲(EngineeringBayMengskResearch), 研究瞄准辅助射击孔(EngineeringBayMengskResearch), 研究大气层加速剂(EngineeringBayMengskResearch)
蒙斯克	建筑	ArmoryMengsk	ArmoryMengsk	noncombat_or_no_weapon	否	否	无	BuildInProgress, que5, ArmoryMengskResearch	无	BuildInProgressMengsk, que5, ArmoryMengskResearch, BuildInProgress	无	研究火炮稳定器(ArmoryMengskResearch), 研究壁垒场(ArmoryMengskResearch), 研究智能伺服器(ArmoryMengskResearch)
蒙斯克	建筑	FusionCoreMengsk	FusionCoreMengsk	noncombat_or_no_weapon	否	否	无	BuildInProgress, que5, FusionCoreMengskResearch	无	BuildInProgressMengsk, que5, FusionCoreMengskResearch, BuildInProgress	无	研究双通道复苏器(FusionCoreMengskResearch), 研究散点帷幕(FusionCoreMengskResearch), 研究放大电波(FusionCoreMengskResearch), 研究亚萨涡轮机(FusionCoreMengskResearch), 研究战场辅助瞄准系统(FusionCoreMengskResearch)
蒙斯克	建筑	GhostAcademyMengsk	GhostAcademyMengsk	noncombat_or_no_weapon	否	否	无	BuildInProgress, que5, ArmSiloWithNukeMengsk, GhostAcademyMengskResearch	无	BuildInProgressMengsk, que5, ArmSiloWithNukeMengsk, GhostAcademyMengskResearch, BuildInProgress	无	研究失能弹(GhostAcademyMengskResearch), 研究至尊战术飞弹(GhostAcademyMengskResearch), 为发射井装填战术飞弹(ArmSiloWithNukeMengsk)
蒙斯克	建筑	ArtilleryMengsk	ArtilleryMengsk	ok_effective_combat_link	否	否	无	BuildInProgress, stop, SalvageSharedMengsk, ArtilleryMengskAttack, ArtilleryMengskTransport, Rally, ArtilleryMengskExperimentalStrike	ArtilleryMengskBombardment	BuildInProgressMengsk, stop, SalvageSharedMengsk, ArtilleryMengskAttack, ArtilleryMengskTransport, Rally, ArtilleryMengskExperimentalStrike, BuildInProgress	ArtilleryMengskBombardment	轰炸(ArtilleryMengskAttack), 装载(ArtilleryMengskTransport), 全部卸载(ArtilleryMengskTransport)
诺娃	建筑	Barracks	Barracks	noncombat_or_no_weapon	否	否	无	BarracksTrainNova	无	BuildInProgress, que5, BarracksTrain, Rally, BarracksAddOns, BarracksLiftOff, MengskMercTrain, TrainKorhalMercenaries, BarracksTrainNova	无	部署精英陆战队员(BarracksTrainNova), 部署劫掠者突击手(BarracksTrainNova), 部署特战幽灵(BarracksTrainNova), Medic(BarracksTrain), 训练幽灵(BarracksTrain), TechReactorAI(BarracksAddOns), TechReactorAI(BarracksAddOns), 升空(BarracksLiftOff), 建造反应堆(BarracksAddOns), 训练劫掠者(BarracksTrain)
诺娃	建筑	GhostAcademyNova	GhostAcademyNova	noncombat_or_no_weapon	否	否	无	BuildInProgress, que5, HeroArmNuke, GhostAcademyResearch, NovaUnitGadgetGrantCharge	无	BuildInProgress, que5, GhostAcademyResearchNova, HeroArmNuke, GhostAcademyResearch, NovaUnitGadgetGrantCharge	无	研究幽灵面罩(GhostAcademyResearch)
诺娃	建筑	AutoTurret	AutoTurret	ok_effective_combat_link	否	否	无	无	无	BuildInProgress, stop, attack	AutoTurret	攻击(attack)
诺娃	建筑	MissileTurret	MissileTurret	ok_effective_combat_link	否	否	无	SalvageShared	无	BuildInProgress, stop, attack, que1, SalvageShared	LongboltMissile, HailstormMissilePods	攻击(attack), 回收(SalvageShared), 攻击(attack)
诺娃	建筑	CommandCenter	CommandCenter	noncombat_or_no_weapon	否	否	无	UpgradeToOrbitalCoop, VespeneDroneCast	无	BuildInProgress, que5CancelToSelection, CommandCenterTrain, RallyCommand, CommandCenterTransport, CommandCenterLiftOff, UpgradeToPlanetaryFortress, UpgradeToOrbital, ScannerSweep, CalldownMULE, UpgradeToOrbitalCoop, VespeneDroneCast	无	制造SCV(CommandCenterTrain), 瓦斯采集器(VespeneDroneCast), 升级为轨道控制基地(UpgradeToOrbital), 升级为行星要塞(UpgradeToPlanetaryFortress), 装载(CommandCenterTransport), 全部卸载(CommandCenterTransport)
雷诺	建筑	Barracks	Barracks	noncombat_or_no_weapon	否	否	无	BarracksTrainNova	无	BuildInProgress, que5, BarracksTrain, Rally, BarracksAddOns, BarracksLiftOff, MengskMercTrain, TrainKorhalMercenaries, BarracksTrainNova	无	部署精英陆战队员(BarracksTrainNova), 部署劫掠者突击手(BarracksTrainNova), 部署特战幽灵(BarracksTrainNova), Medic(BarracksTrain), 训练幽灵(BarracksTrain), TechReactorAI(BarracksAddOns), TechReactorAI(BarracksAddOns), 升空(BarracksLiftOff), 建造反应堆(BarracksAddOns), 训练劫掠者(BarracksTrain)
雷诺	建筑	SupplyDepot	SupplyDepot	noncombat_or_no_weapon	否	否	无	无	无	BuildInProgress, SupplyDepotLower	无	降下(SupplyDepotLower)
雷诺	建筑	Bunker	Bunker	ok_effective_combat_link	否	否	无	无	无	BuildInProgress, BunkerTransport, SalvageEffect, Rally, StimpackRedirect, StimpackMarauderRedirect, StopRedirect, AttackRedirect, healRedirect, BunkerAttack, BunkerStop	ShrikeTurret	攻击(AttackRedirect), 使用强化剂(StimpackMarauderRedirect), 装载(BunkerTransport), 全部卸载(BunkerTransport)
雷诺	建筑	MissileTurret	MissileTurret	ok_effective_combat_link	否	否	无	SalvageShared	无	BuildInProgress, stop, attack, que1, SalvageShared	LongboltMissile, HailstormMissilePods	攻击(attack), 回收(SalvageShared), 攻击(attack)
雷诺	建筑	CommandCenter	CommandCenter	noncombat_or_no_weapon	否	否	无	UpgradeToOrbitalCoop, VespeneDroneCast	无	BuildInProgress, que5CancelToSelection, CommandCenterTrain, RallyCommand, CommandCenterTransport, CommandCenterLiftOff, UpgradeToPlanetaryFortress, UpgradeToOrbital, ScannerSweep, CalldownMULE, UpgradeToOrbitalCoop, VespeneDroneCast	无	制造SCV(CommandCenterTrain), 瓦斯采集器(VespeneDroneCast), 升级为轨道控制基地(UpgradeToOrbital), 升级为行星要塞(UpgradeToPlanetaryFortress), 装载(CommandCenterTransport), 全部卸载(CommandCenterTransport)
雷诺	建筑	OrbitalCommand	OrbitalCommand	noncombat_or_no_weapon	否	否	无	OrbitalCommandSupplyDepotDrop	无	BuildInProgress, CalldownMULE, SupplyDrop, que5CancelToSelection, RallyCommand, CommandCenterTrain, ScannerSweep, OrbitalLiftOff, OrbitalCommandSupplyDepotDrop	无	制造SCV(CommandCenterTrain), 轨道空投：额外补给(SupplyDrop), 析象扫描(ScannerSweep), 升空(OrbitalLiftOff), 空投：补给站(OrbitalCommandSupplyDepotDrop)
斯台特曼	建筑	HatcheryStetmann	HatcheryStetmann	noncombat_or_no_weapon	否	否	无	BuildInProgress, que5CancelToSelection, UpgradeToLairStetmann, RallyHatcheryStetmann, ResearchHatcheryStetmann	无	BuildInProgress, que5CancelToSelection, UpgradeToLairStetmann, RallyHatcheryStetmann, ResearchHatcheryStetmann	无	研究充气机身(ResearchHatcheryStetmann), 研究腹舱(ResearchHatcheryStetmann), 设定工蜂集结点(RallyHatcheryStetmann), 设定集结点(RallyHatcheryStetmann), 变形为机械虫穴(UpgradeToLairStetmann)
斯台特曼	建筑	LairStetmann	LairStetmann	noncombat_or_no_weapon	否	否	无	BuildInProgress, que5CancelToSelection, UpgradeToHiveStetmann, RallyHatcheryStetmann, RallyBlock, ResearchHatcheryStetmann	无	BuildInProgress, que5CancelToSelection, UpgradeToHiveStetmann, RallyHatcheryStetmann, RallyBlock, ResearchHatcheryStetmann	无	研究充气机身(ResearchHatcheryStetmann), 研究腹舱(ResearchHatcheryStetmann), 设定工蜂集结点(RallyHatcheryStetmann), 设定集结点(RallyHatcheryStetmann), 变形为机械主巢(UpgradeToHiveStetmann)
斯台特曼	建筑	HiveStetmann	HiveStetmann	noncombat_or_no_weapon	否	否	无	BuildInProgress, que5CancelToSelection, RallyHatcheryStetmann, ResearchHatcheryStetmann	无	BuildInProgress, que5CancelToSelection, RallyHatcheryStetmann, ResearchHatcheryStetmann	无	研究充气机身(ResearchHatcheryStetmann), 研究腹舱(ResearchHatcheryStetmann), 设定工蜂集结点(RallyHatcheryStetmann), 设定集结点(RallyHatcheryStetmann)
斯台特曼	建筑	ExtractorStetmann	ExtractorStetmann	noncombat_or_no_weapon	否	否	无	BuildInProgress, ExtractorToAutomatedExtractor	无	BuildInProgress, ExtractorToAutomatedExtractor	无	无
斯台特曼	建筑	SpawningPoolStetmann	SpawningPoolStetmann	noncombat_or_no_weapon	否	否	无	que5, BuildInProgress, SpawningPoolStetmannResearch, ZerglingStetmannRespawn, RallyBuildingStetmann	无	que5, BuildInProgress, SpawningPoolStetmannResearch, ZerglingStetmannRespawn, RallyBuildingStetmann	无	研究金属机能加速(SpawningPoolStetmannResearch), 研究艾能刚毅护盾(SpawningPoolStetmannResearch), 研究合成肾上腺泵(SpawningPoolStetmannResearch), 设置集结点(RallyBuildingStetmann), 回收机械跳虫(ZerglingStetmannRespawn)
斯台特曼	建筑	EvolutionChamberStetmann	EvolutionChamberStetmann	noncombat_or_no_weapon	否	否	无	BuildInProgress, que5, EvolutionPitScalingCostResearch, EvolutionChamberStetmannResearch	无	BuildInProgress, que5, EvolutionChamberStetmannResearch, EvolutionPitScalingCostResearch	无	研究近战攻击等级3(EvolutionChamberStetmannResearch), 研究机械喷射攻击等级3(EvolutionChamberStetmannResearch), 研究机械地面钢板等级3(EvolutionChamberStetmannResearch)
斯台特曼	建筑	BanelingNestStetmann	BanelingNestStetmann	noncombat_or_no_weapon	否	否	无	BuildInProgress, que5, BanelingNestStetmannResearch	无	BuildInProgress, que5, BanelingNestStetmannResearch	无	研究离心火箭伺服器(BanelingNestStetmannResearch), 研究艾能强化炸药(BanelingNestStetmannResearch), 研究艾能效用屏障(BanelingNestStetmannResearch)
斯台特曼	建筑	HydraliskDenStetmann	HydraliskDenStetmann	noncombat_or_no_weapon	否	否	无	BuildInProgress, que5CancelToSelection, UpgradeToLurkerDenStetmann, HydraliskDenStetmannResearch, RallyBuildingStetmann, HydraliskStetmannRespawn	无	BuildInProgress, que5CancelToSelection, UpgradeToLurkerDenStetmann, HydraliskDenStetmannResearch, RallyBuildingStetmann, HydraliskStetmannRespawn	无	研究蛇肌腱加强件(HydraliskDenStetmannResearch), 研究博学飞弹发射器(HydraliskDenStetmannResearch), 研究提尔级瞄准系统(HydraliskDenStetmannResearch), 研究增程式恐怖钻击算法(HydraliskDenStetmannResearch), 研究集火强击算法(HydraliskDenStetmannResearch), 设置集结点(RallyBuildingStetmann), 变形为机械潜伏者巢穴(UpgradeToLurkerDenStetmann), 回收机械刺蛇(HydraliskStetmannRespawn)
斯台特曼	建筑	LurkerDenStetmann	LurkerDenStetmann	noncombat_or_no_weapon	否	否	无	BuildInProgress, que5, HydraliskDenStetmannResearch, RallyBuildingStetmann, HydraliskStetmannRespawn	无	BuildInProgress, que5, HydraliskDenStetmannResearch, RallyBuildingStetmann, HydraliskStetmannRespawn	无	研究蛇肌腱加强件(HydraliskDenStetmannResearch), 研究博学飞弹发射器(HydraliskDenStetmannResearch), 研究提尔级瞄准系统(HydraliskDenStetmannResearch), 研究增程式恐怖钻击算法(HydraliskDenStetmannResearch), 研究集火强击算法(HydraliskDenStetmannResearch), 设置集结点(RallyBuildingStetmann), 回收机械刺蛇(HydraliskStetmannRespawn)
斯台特曼	建筑	InfestationPitStetmann	InfestationPitStetmann	noncombat_or_no_weapon	否	否	无	BuildInProgress, que5, RallyBuildingStetmann, InfestorStetmannRespawn, InfestationPitStetmannResearch2	无	BuildInProgress, que5, RallyBuildingStetmann, InfestorStetmannRespawn, InfestationPitStetmannResearch2	无	研究UMI-C充能协议(InfestationPitStetmannResearch2), 研究“赠品”破坏者！(InfestationPitStetmannResearch2), 设置集结点(RallyBuildingStetmann)
斯台特曼	建筑	SpireStetmann	SpireStetmann	noncombat_or_no_weapon	否	否	无	BuildInProgress, que5CancelToSelection, UpgradeToGreaterSpireStetmann, SpireStetmannResearch, RallyBuildingStetmann, CorruptorStetmannRespawn	无	BuildInProgress, que5CancelToSelection, UpgradeToGreaterSpireStetmann, SpireStetmannResearch, RallyBuildingStetmann, CorruptorStetmannRespawn	无	研究机械飞行单位攻击等级3(SpireStetmannResearch), 研究机械飞行单位钢板等级3(SpireStetmannResearch), 研究大范围集束咆哮弹(SpireStetmannResearch), 研究泰伦超洁降解液(SpireStetmannResearch), 研究机械飞蝗截击机舱室(SpireStetmannResearch), 研究斯台特曼炮(SpireStetmannResearch), 设置集结点(RallyBuildingStetmann), 变形为机械巨型尖塔(UpgradeToGreaterSpireStetmann), 回收机械腐化者(CorruptorStetmannRespawn)
斯台特曼	建筑	GreaterSpireStetmann	GreaterSpireStetmann	noncombat_or_no_weapon	否	否	无	BuildInProgress, que5CancelToSelection, SpireStetmannResearch, RallyBuildingStetmann, CorruptorStetmannRespawn	无	BuildInProgress, que5CancelToSelection, SpireStetmannResearch, RallyBuildingStetmann, CorruptorStetmannRespawn	无	研究机械飞行单位攻击等级3(SpireStetmannResearch), 研究机械飞行单位钢板等级3(SpireStetmannResearch), 研究大范围集束咆哮弹(SpireStetmannResearch), 研究泰伦超洁降解液(SpireStetmannResearch), 研究机械飞蝗截击机舱室(SpireStetmannResearch), 研究斯台特曼炮(SpireStetmannResearch), 设置集结点(RallyBuildingStetmann), 回收机械腐化者(CorruptorStetmannRespawn)
斯台特曼	建筑	UltraliskCavernStetmann	UltraliskCavernStetmann	noncombat_or_no_weapon	否	否	无	BuildInProgress, que5, UltraliskCavernStetmannResearch, RallyBuildingStetmann, UltraliskStetmannRespawn	无	BuildInProgress, que5, UltraliskCavernStetmannResearch, RallyBuildingStetmann, UltraliskStetmannRespawn	无	研究静电惊喜！(UltraliskCavernStetmannResearch), 研究机甲揩油模组(UltraliskCavernStetmannResearch), 研究几丁钛合金装甲(UltraliskCavernStetmannResearch), 设置集结点(RallyBuildingStetmann), 回收机械雷兽(UltraliskStetmannRespawn)
斯台特曼	建筑	SpineCrawlerStetmann	SpineCrawlerStetmann	ok_effective_combat_link	否	否	无	BuildInProgress, stop, attack, SpineCrawlerUprootStetmann	SpineCrawlerStetmannImpalerTentacle	BuildInProgress, stop, attack, SpineCrawlerUprootStetmann	SpineCrawlerStetmannImpalerTentacle	攻击(attack), 站起(SpineCrawlerUprootStetmann)
斯台特曼	建筑	SpineCrawlerUprootedStetmann	SpineCrawlerUprootedStetmann	noncombat_or_no_weapon	否	否	无	stop, move, SpineCrawlerRootStetmann	无	stop, move, SpineCrawlerRootStetmann	无	扎根(SpineCrawlerRootStetmann)
斯台特曼	建筑	SporeCrawlerStetmann	SporeCrawlerStetmann	ok_effective_combat_link	否	否	无	BuildInProgress, stop, attack, SporeCrawlerUprootStetmann	SporeCrawlerStetmannAcidSpew	BuildInProgress, stop, attack, SporeCrawlerUprootStetmann	SporeCrawlerStetmannAcidSpew	攻击(attack), 站起(SporeCrawlerUprootStetmann)
斯台特曼	建筑	SporeCrawlerUprootedStetmann	SporeCrawlerUprootedStetmann	noncombat_or_no_weapon	否	否	无	stop, move, SporeCrawlerRootStetmann	无	stop, move, SporeCrawlerRootStetmann	无	扎根(SporeCrawlerRootStetmann)
斯台特曼	建筑	PowerTowerStetmann	PowerTowerStetmann	noncombat_or_no_weapon	否	否	无	BuildInProgress, PowerFieldEnergyRegenerationOn, PowerFieldHPRegenerationOn, PowerFieldMovementSpeedOn, SuperShieldStetmann, MorphToPowerTowerStetmannDeactivated, HUGSOverloadStetmann, FASTOverloadStetmann, JUICEOverloadStetmann	无	BuildInProgress, MorphToPowerTowerStetmannDeactivated, HUGSOverloadStetmann, FASTOverloadStetmann, JUICEOverloadStetmann, PowerFieldEnergyRegenerationOn, PowerFieldHPRegenerationOn, PowerFieldMovementSpeedOn, SuperShieldStetmann	无	“艾的滋润”超载(JUICEOverloadStetmann)
斯托科夫	建筑	SIEngineeringBay	SIEngineeringBay	noncombat_or_no_weapon	否	否	无	BuildInProgress, que5, SIEngineeringBayResearch	无	BuildInProgress, que5, SIEngineeringBayResearch	无	升级步兵武器等级3(SIEngineeringBayResearch), 升级步兵护甲等级3(SIEngineeringBayResearch)
斯托科夫	建筑	SIArmory	SIArmory	noncombat_or_no_weapon	否	否	无	BuildInProgress, que5, SIArmoryResearch, ArmoryResearchVoidCoop	无	BuildInProgress, que5, SIArmoryResearch, ArmoryResearchVoidCoop	无	升级战车及舰船武器等级3(SIArmoryResearch), 升级战车及舰船钢板等级3(SIArmoryResearch)
斯托科夫	建筑	SIBarracks	SIBarracks	noncombat_or_no_weapon	否	否	无	BuildInProgress, SIBarracksTrain, SIBarracksLiftOff, SIStukovPlaceHordeRally, SIBarracksAddOns	无	BuildInProgress, SIBarracksTrain, SIBarracksLiftOff, SIStukovPlaceHordeRally, SIBarracksAddOns	无	孵化被感染的陆战队员(SIBarracksTrain), 部署灵能发射器(SIStukovPlaceHordeRally), 建造被感染的科技实验室(SIBarracksAddOns)
斯托科夫	建筑	SICivilianStructure	SICivilianStructure	noncombat_or_no_weapon	否	否	无	BuildInProgress, que5, SIInfestedCivilianStructureResearch, SIStukovPlaceHordeRally, SICivilianStructureLiftOff, SICivilianStructureSpawnCivilian	无	BuildInProgress, que5, SIInfestedCivilianStructureResearch, SIStukovPlaceHordeRally, SICivilianStructureLiftOff, SICivilianStructureSpawnCivilian	无	研究厌氧强化(SIInfestedCivilianStructureResearch), 部署灵能发射器(SIStukovPlaceHordeRally), 孵化被感染的平民(SICivilianStructureSpawnCivilian)
斯托科夫	建筑	SICommandCenter	SICommandCenter	noncombat_or_no_weapon	否	否	无	BuildInProgress, RallyCommand, SICommandCenterTransport, SICommandCenterLiftOff, SICommandCenterTrain, SICommandCenterResearch, que1	无	BuildInProgress, RallyCommand, SICommandCenterTransport, SICommandCenterLiftOff, SICommandCenterTrain, SICommandCenterResearch, que1, SIRevive, SIReviveAutu	无	孵化被感染的SCV(SICommandCenterTrain), 孵化王虫(SICommandCenterTrain), 进化充气甲壳(SICommandCenterResearch), 装载(SICommandCenterTransport), 全部卸载(SICommandCenterTransport)
斯托科夫	建筑	SIFactory	SIFactory	noncombat_or_no_weapon	否	否	无	BuildInProgress, SIFactoryTrain, Rally, SIFactoryLiftOff, SIFactoryAddOns	无	BuildInProgress, SIFactoryTrain, Rally, SIFactoryLiftOff, SIFactoryAddOns	无	孵化被感染的响尾蛇战车(SIFactoryTrain), 孵化被感染的攻城坦克(SIFactoryTrain), 建造被感染的科技实验室(SIFactoryAddOns)
斯托科夫	建筑	SIRefinery	SIRefinery	noncombat_or_no_weapon	否	否	无	BuildInProgress	无	BuildInProgress, RefineryToAutomatedRefinery	无	无
斯托科夫	建筑	SIStarport	SIStarport	noncombat_or_no_weapon	否	否	无	BuildInProgress, SIStarportTrain, Rally, SIStarportLiftOff, SIStarportAddOns	无	BuildInProgress, SIStarportTrain, Rally, SIStarportLiftOff, SIStarportAddOns	无	孵化被感染的解放者(SIStarportTrain), 孵化被感染的女妖(SIStarportTrain), 建造被感染的科技实验室(SIStarportAddOns)
斯托科夫	建筑	SISupplyDepot	SISupplyDepot	noncombat_or_no_weapon	否	否	无	BuildInProgress, SISupplyDepotLower	无	BuildInProgress, SISupplyDepotLower	无	降下(SISupplyDepotLower)
斯托科夫	建筑	SIInfestedBunker	SIInfestedBunker	noncombat_or_no_weapon	否	否	无	BuildInProgress, AttackRedirect, SIInfestedBunkerTransport, SIInfestedBunkerUproot, SIInfestedBunkerTrainMarine, StopRedirect, SIStukovPlaceHordeRally, SIInfestedBunkerRally	无	BuildInProgress, AttackRedirect, SIInfestedBunkerTransport, SIInfestedBunkerUproot, SIInfestedBunkerTrain, StopRedirect, SIStukovPlaceHordeRally, SIInfestedBunkerTrainMarine, SIInfestedBunkerRally	无	无
斯托科夫	建筑	SIMissileTurret	SIMissileTurret	ok_effective_combat_link	否	否	无	BuildInProgress, stop, attack, que1, SalvageShared, SIMissileTurretLiftOff	SILongboltMissile	BuildInProgress, stop, attack, que1, SalvageShared, SIMissileTurretLiftOff	SILongboltMissile	无
斯旺	建筑	SupplyDepot	SupplyDepot	noncombat_or_no_weapon	否	否	无	无	无	BuildInProgress, SupplyDepotLower	无	降下(SupplyDepotLower)
斯旺	建筑	DrakkenLaserDrillCoop	DrakkenLaserDrillCoop	ok_effective_combat_link	否	否	无	attack, stop, BuildInProgress, BrokenDrakkenLaserDrill, DrakkenLaserDrillBFG, DrakkenLaserDrillNuke, DrakkenLaserDrillResearch, Queue1Passive	LaserDrillTripodLaserBeamCoop	attack, stop, BuildInProgress, DrakkenLaserDrillBFG, DrakkenLaserDrillNuke, DrakkenLaserDrillResearch, Queue1Passive, BrokenDrakkenLaserDrill	LaserDrillTripodLaserBeamCoop	损坏的德拉肯激光钻机(BrokenDrakkenLaserDrill), 升级2级激光钻机(DrakkenLaserDrillResearch)
斯旺	建筑	KelMorianGrenadeTurret	KelMorianGrenadeTurret	ok_effective_combat_link	否	否	无	BuildInProgress, stop, attack, SalvageShared	KelMorianRocketTurretWeapon	BuildInProgress, stop, attack, SalvageShared	KelMorianRocketTurretWeapon	回收(SalvageShared)
斯旺	建筑	MissileTurret	MissileTurret	ok_effective_combat_link	否	否	无	SalvageShared	无	BuildInProgress, stop, attack, que1, SalvageShared	LongboltMissile, HailstormMissilePods	攻击(attack), 回收(SalvageShared), 攻击(attack)
斯旺	建筑	PerditionTurret	PerditionTurret	noncombat_or_no_weapon	否	否	无	stop, SalvageShared	无	stop, SalvageShared	无	回收(SalvageShared)
斯旺	建筑	CommandCenter	CommandCenter	noncombat_or_no_weapon	否	否	无	UpgradeToOrbitalCoop, VespeneDroneCast	无	BuildInProgress, que5CancelToSelection, CommandCenterTrain, RallyCommand, CommandCenterTransport, CommandCenterLiftOff, UpgradeToPlanetaryFortress, UpgradeToOrbital, ScannerSweep, CalldownMULE, UpgradeToOrbitalCoop, VespeneDroneCast	无	制造SCV(CommandCenterTrain), 瓦斯采集器(VespeneDroneCast), 升级为轨道控制基地(UpgradeToOrbital), 升级为行星要塞(UpgradeToPlanetaryFortress), 装载(CommandCenterTransport), 全部卸载(CommandCenterTransport)
泰凯斯	建筑	TychusMercCompound	TychusMercCompound	noncombat_or_no_weapon	否	否	无	BuildInProgress, TychusHeroResearch2	无	BuildInProgress, TychusHeroResearch2	无	购买KD9a型聚爆核心(TychusHeroResearch2), 购买钒钢弹壳(TychusHeroResearch2), 购买凯莫瑞安碎甲弹(TychusHeroResearch2), 购买神射手联网头盔(TychusHeroResearch2), 购买拉尔斯科技G7型炸弹(TychusHeroResearch2), 购买莫比斯拘束矩阵(TychusHeroResearch2), 购买强化版爆破套件(TychusHeroResearch2), 购买SA-55型霹雳飞弹(TychusHeroResearch2), 购买莫比斯M34型恐惧弹(TychusHeroResearch2)
泰凯斯	建筑	TychusGhostAcademy	TychusGhostAcademy	noncombat_or_no_weapon	否	否	无	BuildInProgress, TychusHeroResearch2	无	BuildInProgress, TychusHeroResearch2	无	购买莫比斯灵能激发器(TychusHeroResearch2), 购买神经干扰器(TychusHeroResearch2), 购买灵能投射器(TychusHeroResearch2), 购买88式劝服者(TychusHeroResearch2), 购买T4云爆弹(TychusHeroResearch2), 购买超声波放大器(TychusHeroResearch2), 购买N3网络(TychusHeroResearch2), 购买尤摩扬纳米修复机器人(TychusHeroResearch2), 购买普罗希昂血清(TychusHeroResearch2)
泰凯斯	建筑	TychusArmory	TychusArmory	noncombat_or_no_weapon	否	否	无	BuildInProgress, TychusHeroResearch	无	BuildInProgress, TychusHeroResearch	无	购买高容积储油罐(TychusHeroResearch), 购买哈迪斯浮油(TychusHeroResearch), 购买狂焰牌燃料添加剂(TychusHeroResearch), 购买XCMC-670型战斗装甲(TychusHeroResearch), 购买X-71型震击靴(TychusHeroResearch), 购买临界响应系统(TychusHeroResearch), 购买M.A.L.I.C.E.弹药(TychusHeroResearch), 购买尤摩扬信号调制器(TychusHeroResearch), 购买莫比斯攻击性合剂(TychusHeroResearch)
泰凯斯	建筑	TychusWarhoundAutoTurret	TychusWarhoundAutoTurret	ok_effective_combat_link	否	否	无	BuildInProgress, stop, attack, TychusWarhoundTurretTornadoSprayMissile	TychusWarhoundAutoTurret	BuildInProgress, stop, attack, TychusWarhoundTurretTornadoSprayMissile	TychusWarhoundAutoTurret	无
沃拉尊	建筑	Gateway	Gateway	noncombat_or_no_weapon	否	否	无	que5notPassive	无	BuildInProgress, que5notPassive, GatewayTrain, Rally, UpgradeToWarpGate, GatewayTrainAI, UpgradeToWarpGateInstant	无	折跃死徒(GatewayTrain), 折跃保护者(GatewayTrain), 折跃追猎者(GatewayTrain), 折跃使徒(GatewayTrain), 折跃黑暗圣堂武士(GatewayTrain), 变形为折跃门(UpgradeToWarpGate)
沃拉尊	建筑	PhotonCannon	PhotonCannon	ok_effective_combat_link	否	否	无	无	无	BuildInProgress, stop, attack	PhotonCannon	攻击(attack)
沃拉尊	建筑	TwilightCouncil	TwilightCouncil	noncombat_or_no_weapon	否	否	无	无	无	BuildInProgress, que5, TwilightCouncilResearch, ChampionWarpTrain	无	研究鲜血护盾(TwilightCouncilResearch), 研究奇点充能(TwilightCouncilResearch), 研究旋风斩(TwilightCouncilResearch), 研究黑暗缠绕(TwilightCouncilResearch)
沃拉尊	建筑	DarkPylon	DarkPylon	noncombat_or_no_weapon	否	否	无	BuildInProgress, DarkPylonRecall	无	BuildInProgress, attackProtossPylon, stopProtossPylon, DarkPylonRecall	无	无
扎加拉	建筑	SpineCrawler	SpineCrawler	ok_effective_combat_link	否	否	无	无	无	BuildInProgress, stop, attack, SpineCrawlerUproot	ImpalerTentacle	攻击(attack), 站起(SpineCrawlerUproot)
扎加拉	建筑	SporeCrawler	SporeCrawler	ok_effective_combat_link	否	否	无	无	无	BuildInProgress, stop, attack, SporeCrawlerUproot	AcidSpew	攻击(attack), 站起(SporeCrawlerUproot)
扎加拉	建筑	BileLauncherZagara	BileLauncherZagara	ok_effective_combat_link	否	否	无	BuildInProgress, stop, BileLauncherZagaraAttack	BileLauncherZagaraBombardment	BuildInProgress, stop, BileLauncherZagaraAttack	BileLauncherZagaraBombardment	无
泽拉图	建筑	DarkShrine	DarkShrine	noncombat_or_no_weapon	否	否	无	DarkShrineResearch, que5	无	BuildInProgress, DarkShrineResearch, que5, DarkShrineAssignRally, DarkShrineRally	无	研究暗影之怒(DarkShrineResearch)
泽拉图	建筑	Gateway	Gateway	noncombat_or_no_weapon	否	否	无	que5notPassive	无	BuildInProgress, que5notPassive, GatewayTrain, Rally, UpgradeToWarpGate, GatewayTrainAI, UpgradeToWarpGateInstant	无	折跃死徒(GatewayTrain), 折跃保护者(GatewayTrain), 折跃追猎者(GatewayTrain), 折跃使徒(GatewayTrain), 折跃黑暗圣堂武士(GatewayTrain), 变形为折跃门(UpgradeToWarpGate)
泽拉图	建筑	PhotonCannon	PhotonCannon	ok_effective_combat_link	否	否	无	无	无	BuildInProgress, stop, attack	PhotonCannon	攻击(attack)
泽拉图	建筑	ZeratulRoboticsFacility	ZeratulRoboticsFacility	noncombat_or_no_weapon	否	否	无	BuildInProgress, que5, ZeratulRoboticsFacilityTrain, Rally	无	BuildInProgress, que5, ZeratulRoboticsFacilityTrain, Rally	无	折跃萨尔纳加执行者(ZeratulRoboticsFacilityTrain), 折跃萨尔纳加禁绝者(ZeratulRoboticsFacilityTrain), 折跃萨尔纳加虚空阵列船(ZeratulRoboticsFacilityTrain), 折跃萨尔纳加观察者(ZeratulRoboticsFacilityTrain)
